-- phpMyAdmin SQL Dump
-- version 4.9.2
-- https://www.phpmyadmin.net/
--
-- 主機： 127.0.0.1
-- 產生時間： 
-- 伺服器版本： 10.4.10-MariaDB
-- PHP 版本： 7.3.12

SET SQL_MODE = "NO_AUTO_VALUE_ON_ZERO";
SET AUTOCOMMIT = 0;
START TRANSACTION;
SET time_zone = "+00:00";


/*!40101 SET @OLD_CHARACTER_SET_CLIENT=@@CHARACTER_SET_CLIENT */;
/*!40101 SET @OLD_CHARACTER_SET_RESULTS=@@CHARACTER_SET_RESULTS */;
/*!40101 SET @OLD_COLLATION_CONNECTION=@@COLLATION_CONNECTION */;
/*!40101 SET NAMES utf8mb4 */;

--
-- 資料庫： `aqua`
--

-- --------------------------------------------------------

--
-- 資料表結構 `items`
--

CREATE TABLE `items` (
  `itemId` varchar(10) NOT NULL COMMENT '商品ID',
  `itemName` varchar(100) DEFAULT NULL COMMENT '商品名稱',
  `itemImg` varchar(20) DEFAULT NULL COMMENT '商品圖片',
  `itemCategoryId` varchar(10) DEFAULT NULL COMMENT '商品類別',
  `itemTypeId` varchar(10) DEFAULT NULL COMMENT '商品類型',
  `itemDescription` varchar(500) DEFAULT NULL COMMENT '商品描述',
  `itemMaterial` varchar(10) DEFAULT NULL COMMENT '商品材質',
  `itemBrandId` varchar(30) DEFAULT NULL COMMENT '商品品牌',
  `itemSellerId` varchar(10) DEFAULT NULL COMMENT '賣家ID',
  `itemStatus` varchar(8) DEFAULT NULL COMMENT '商品狀態',
  `itemSize` varchar(10) DEFAULT NULL COMMENT '商品尺寸',
  `itemPrice` varchar(5) DEFAULT NULL COMMENT '商品價格',
  `itemQty` varchar(2) DEFAULT NULL COMMENT '商品數量',
  `itemcoup_id` varchar(10) DEFAULT NULL COMMENT '商品折扣',
  `created_at` datetime NOT NULL DEFAULT current_timestamp(),
  `updated_at` datetime NOT NULL DEFAULT current_timestamp() ON UPDATE current_timestamp()
) ENGINE=InnoDB DEFAULT CHARSET=utf8;

--
-- 傾印資料表的資料 `items`
--

INSERT INTO `items` (`itemId`, `itemName`, `itemImg`, `itemCategoryId`, `itemTypeId`, `itemDescription`, `itemMaterial`, `itemBrandId`, `itemSellerId`, `itemStatus`, `itemSize`, `itemPrice`, `itemQty`, `itemcoup_id`, `created_at`, `updated_at`) VALUES
('I20010001', 'CETMA - MANTRA碳纖維長蛙鞋板(裸板)', 'A0001.jpg', 'c001', 't014', '3D剛性結構碳纖維，韌性x彎曲度再升級 \n採共振作用設計之板面，大深度移動輕鬆省力 ', '碳纖維', 'CETMA COMPOSITES', '', 'active', '00', '11200', '5', '', '0000-00-00 00:00:00', '2020-03-24 13:43:29'),
('I20010002', 'C4 - SILVERSEA HT碳纖維長蛙鞋', 'A0002.jpg', 'c001', 't011', '板面採T700碳纖維結構，強度/彈性再升級 \nDPC雙拋物線技術，擺動幅度再延伸 \n加長板身，大深度移動自如', '碳纖維', 'C4', 'S20010001', 'active', '00', '10800', '13', '', '0000-00-00 00:00:00', '0000-00-00 00:00:00'),
('I20010003', 'C4 - VOLARE HT碳纖維長蛙鞋', 'A0003.jpg', 'c001', 't011', '板面採TR50碳纖維結構，大方格彈性再升級 \nDPC雙拋物線技術，擺動幅度再延伸 \n長度升級(100x19.7cm)，深度下潛實用 \n採銀漆處理之碳纖維，散發獨有光澤 ', '碳纖維', 'C4', 'S20010001', 'hold', '00', '17950', '2', '', '0000-00-00 00:00:00', '0000-00-00 00:00:00'),
('I20010004', 'C4 - ALLBLACK HT碳纖維長蛙鞋', 'A0004.jpg', 'c001', 't011', '板面採TR50碳纖維結構，大方格彈性再升級 \nDPC雙拋物線技術，擺動幅度再延伸 \n加長板身，大深度移動自如 ', '碳纖維', 'C4', 'S20010001', 'hold', '00', '16450', '3', '', '0000-00-00 00:00:00', '0000-00-00 00:00:00'),
('I20010005', 'C4 - DEEP SPEARO碳纖維長蛙鞋', 'A0005.jpg', 'c001', 't011', '板面採T700碳纖維結構，強度/彈性再升級 \nDPC雙拋物線技術，擺動幅度再延伸 \n加長板身，大深度移動自如', '碳纖維', 'C4', 'S20010001', 'active', '00', '13250', '9', '', '0000-00-00 00:00:00', '0000-00-00 00:00:00'),
('I20010006', 'C4 - VOLARE HT碳纖維長蛙鞋板(裸板)-白邊條款', 'A0006.jpg', 'c001', 't014', '板面採TR50碳纖維結構，大方格彈性再升級 \nDPC雙拋物線技術，擺動幅度再延伸 \n長度升級(100x19.7cm)，深度下潛實用 \n採銀漆處理之碳纖維，散發獨有光澤 ', '碳纖維', 'C4', '', 'active', '00', '15000', '7', '', '0000-00-00 00:00:00', '0000-00-00 00:00:00'),
('I20010007', 'C4 - VOLARE碳纖維長蛙鞋板', 'A0007.jpg', 'c001', 't014', '板面採T700碳纖維結構，強度/彈性再升級 \nDPC雙拋物線技術，擺動幅度再延伸 \n長度升級，深度下潛實用 ', '碳纖維', 'C4', '', 'active', '00', '15450', '13', '', '0000-00-00 00:00:00', '0000-00-00 00:00:00'),
('I20010008', 'V.DIVE - 自由潛水塑膠長蛙鞋', 'A0008.jpg', 'c001', 't013', '專業級長蛙, 專家級漁獵者, 喜愛自由潛水者和浮潛水者\n所設計高品質橡膠蛙鞋套+高級塑料蛙鞋板\n加長型高彈性蹼面,17度角度設計計算,強化推進的能力,讓潛水者達到省力又快速的目地', '塑膠', 'V.DIVE', '', 'active', '', '4380', '6', '', '0000-00-00 00:00:00', '0000-00-00 00:00:00'),
('I20010009', 'V.DIVE - 自由潛水塑膠長蛙鞋', 'A0008.jpg', 'c001', 't013', '專業級長蛙, 專家級漁獵者, 喜愛自由潛水者和浮潛水者\n所設計高品質橡膠蛙鞋套+高級塑料蛙鞋板\n加長型高彈性蹼面,17度角度設計計算,強化推進的能力,讓潛水者達到省力又快速的目地', '塑膠', 'V.DIVE', '', 'active', '01', '4380', '9', '', '0000-00-00 00:00:00', '0000-00-00 00:00:00'),
('I20010010', 'V.DIVE - 自由潛水塑膠長蛙鞋', 'A0008.jpg', 'c001', 't013', '專業級長蛙, 專家級漁獵者, 喜愛自由潛水者和浮潛水者\n所設計高品質橡膠蛙鞋套+高級塑料蛙鞋板\n加長型高彈性蹼面,17度角度設計計算,強化推進的能力,讓潛水者達到省力又快速的目地', '塑膠', 'V.DIVE', '', 'active', '02', '4380', '8', '', '0000-00-00 00:00:00', '0000-00-00 00:00:00'),
('I20010011', 'V.DIVE - 碳纖維長蛙 黑', 'A0009.jpg', 'c001', 't011', '專業級長蛙, 專家級漁獵者, 喜愛自由潛水者和浮潛水者\n所設計高品質橡膠蛙鞋套+高級碳纖蛙鞋板', '碳纖維', 'V.DIVE', '', 'active', '', '12800', '6', '', '0000-00-00 00:00:00', '0000-00-00 00:00:00'),
('I20010012', 'V.DIVE - 碳纖維長蛙 黑', 'A0009.jpg', 'c001', 't011', '專業級長蛙, 專家級漁獵者, 喜愛自由潛水者和浮潛水者\n所設計高品質橡膠蛙鞋套+高級碳纖蛙鞋板', '碳纖維', 'V.DIVE', '', 'active', '01', '12800', '6', '', '0000-00-00 00:00:00', '0000-00-00 00:00:00'),
('I20010013', 'V.DIVE - 碳纖維長蛙 黑', 'A0009.jpg', 'c001', 't011', '專業級長蛙, 專家級漁獵者, 喜愛自由潛水者和浮潛水者\n所設計高品質橡膠蛙鞋套+高級碳纖蛙鞋板', '碳纖維', 'V.DIVE', '', 'active', '02', '12800', '12', '', '0000-00-00 00:00:00', '0000-00-00 00:00:00'),
('I20010014', 'V.DIVE - 自由潛水塑膠長蛙鞋 透明', 'A0010.jpg', 'c001', 't013', '專業級長蛙, 專家級漁獵者, 喜愛自由潛水者和浮潛水者\n所設計高品質橡膠蛙鞋套+高級塑料蛙鞋板\n加長型高彈性蹼面,17度角度設計計算,強化推進的能力,讓潛水者達到省力又快速的目地', '塑膠', 'V.DIVE', '', 'active', '', '6600', '10', '', '0000-00-00 00:00:00', '0000-00-00 00:00:00'),
('I20010015', 'CARBONIO GFT - PREDATOR全碳纖維長蛙', 'A0013.jpg', 'c001', 't011', '外型與GFT其他款式蛙鞋板有著顯著不同，蹼面不對稱設計將寬度加到25cm，\n加強腳部踢水時的作用力面積，還能避免鞋板內側互相碰撞干擾的問題；保留所有的推進力?\n不對稱的蹼面設計還能將腳掌在更好的位置釋放出最大效率能量，\n強化外部的同時，保留了內部空間，使大家能使用正常的踢動技巧?\n✨可加購專屬訂製服務，打造獨一無二的蛙鞋✨', '碳纖維', 'CARBONIO GFT', '', 'active', '', '10300', '13', '', '0000-00-00 00:00:00', '0000-00-00 00:00:00'),
('I20010016', 'CARBONIO GFT - BASSOFONDO全碳纖維長蛙鞋板(裸板)', 'A0014.jpg', 'c001', 't014', '採漸層結構交織成的碳纖維，具備更強的剛性與彈性。\n高機能性，幫助您在小深度靈活移動，\n還能在水面/淺水區提供絕佳的控制力與回彈?\n✨可加購專屬訂製服務，打造獨一無二的蛙鞋', '碳纖維', 'CARBONIO GFT', '', 'active', '00', '7990', '13', '', '0000-00-00 00:00:00', '0000-00-00 00:00:00'),
('I20010017', 'CARBONIO GFT - APNEA97全碳纖維長蛙鞋板(裸板)', 'A0015.jpg', 'c001', 't014', '採漸層結構交織成的碳纖維，具備更強的剛性與彈性。\n傲人的蹼面長度能增加板面與水流的作用面積，增加直線推進力，\n減少能量消耗，創造雙腿動能跟推進效率間的絕佳平衡?\n義大利自潛選手Simone Arrigoni破動態平潛項目紀錄的神器?\n✨可加購專屬訂製服務，打造獨一無二的蛙鞋', '碳纖維', 'CARBONIO GFT', '', 'active', '00', '10800', '9', '', '0000-00-00 00:00:00', '0000-00-00 00:00:00'),
('I20010018', 'CARBONIO GFT - PESCA全碳纖維長蛙鞋板(裸板)', 'A0016.jpg', 'c001', 't014', 'PESCA在尺寸與性能比上，取得了完美平衡～\n大深度依舊可輕易得到所需的〝壓水、彎曲、回饋、反推〞，\n全蹼等厚度設計，高硬度帶來的強大推力讓您進行大深度潛行時(如船潛)，也能自在移動', '碳纖維', 'CARBONIO GFT', '', 'active', '00', '11500', '3', '', '0000-00-00 00:00:00', '0000-00-00 00:00:00'),
('I20010019', 'CARBONIO GFT - FORCE全碳纖維長蛙鞋板(裸板)', 'A0017.jpg', 'c001', 't014', '?世界首創，以納米技術製成的碳纖維材料，加強板面韌度與彈性。\n波浪型結構，讓鞋板在強度不變下更輕薄(單支僅300g)，\n同時有助於踢動時的水流導引，二邊導水條的高度也因此降低，重量更輕?\n✨可加購專屬訂製服務，打造獨一無二的蛙鞋✨', '碳纖維', 'CARBONIO GFT', '', 'active', '00', '18500', '5', '', '0000-00-00 00:00:00', '0000-00-00 00:00:00'),
('I20010020', 'CARBONIO GFT - ALPHA HF全碳纖維長蛙鞋板(裸板', 'A0018.jpg', 'c001', 't014', '?100%預浸技術及熱塑技術的碳纖維材料，讓板面兼具強韌度與彈性，\n可增加雙腳推進效率，減少使用者疲勞，延長蛙鞋使用壽命?\n蹼尖採類似魚尾的波浪設計，幫助水流導引?\n✨可加購專屬訂製服務，打造獨一無二的蛙鞋✨', '碳纖維', 'CARBONIO GFT', '', 'active', '00', '14600', '7', '', '0000-00-00 00:00:00', '0000-00-00 00:00:00'),
('I20010021', 'C4 - VOLARE HT碳纖維長蛙鞋板(裸板) 加長款', 'A0019.jpg', 'c001', 't014', '?板面採TR50碳纖維結構，加大了纖維編織的間距(每方格約2.5平方公分)，\n讓板材更加柔軟有彈性、擺幅更大，有效節省使用者耗氧量?\n碳纖維經過銀漆處理，呈現獨特金屬光澤。\nDPC雙拋物線技術，擺動幅度再延伸，鞋板折角大，擺動更輕鬆?', '碳纖維', 'C4', '', 'active', '00', '15450', '5', '', '0000-00-00 00:00:00', '0000-00-00 00:00:00'),
('I20010022', 'C4 - DEEP SPEARO碳纖維長蛙鞋板(裸板)', 'A0020.jpg', 'c001', 't014', '?板面採T700碳纖維結構，優異的強度/彈性增加擺幅，\n節省使用者的耗氧量，受到許多人的喜愛?\nDPC雙拋物線技術，擺動幅度再延伸，鞋板折角大，擺動更輕鬆?', '碳纖維', 'C4', '', 'active', '00', '13250', '3', '', '0000-00-00 00:00:00', '0000-00-00 00:00:00'),
('I20010023', 'C4 - ALLBLACK HT碳纖維長蛙鞋板(裸板)', 'A0021.jpg', 'c001', 't014', '?板面採TR50碳纖維結構，加大了纖維編織的間距(每方格約2.5平方公分)，\n讓板材更加柔軟有彈性、擺幅更大，有效節省使用者耗氧量。\nDPC雙拋物線技術，擺動幅度再延伸，鞋板折角大，擺動更輕鬆?', '碳纖維', 'C4', '', 'active', '00', '14450', '9', '', '0000-00-00 00:00:00', '0000-00-00 00:00:00'),
('I20010024', 'C4 - 82 碳纖維長蛙鞋板(裸板) 加長款', 'A0022.jpg', 'c001', 't014', '?板面採T700碳纖維結構，優異的強度/彈性讓板身得以加長到100公分～\n增加擺幅/節省使用者的耗氧量，受到許多人的偏愛?\nDPC雙拋物線技術，擺動幅度再延伸，鞋板折角大，擺動更輕鬆?', '碳纖維', 'C4', '', 'active', '00', '15000', '13', '', '0000-00-00 00:00:00', '0000-00-00 00:00:00'),
('I20010025', 'C4 - 83 HT 碳纖維長蛙鞋板(裸板) 加長版', 'A0023.jpg', 'c001', 't014', '?採用C4最新的TR50頂級碳纖維材料，藉由本身長度(100cm)，\n增加擺幅/節省使用者的耗氧量，受到許多人的偏愛?\n板面採大型網格(Big Square)結構，降低水阻！\nDPC雙拋物線技術，擺動幅度再延伸，鞋板折角大，擺動更輕鬆?', '碳纖維', 'C4', '', 'active', '00', '16500', '14', '', '0000-00-00 00:00:00', '0000-00-00 00:00:00'),
('I20010026', 'CARBONIO GFT - ONDA HF 32°玻璃纖維長蛙鞋', 'A0024.jpg', 'c001', 't012', '?與自潛/瑜珈大師Federico Mana共同開發，\n除擁有多年自由潛水教學經驗，也是義大利首位深度突破-100M的Freediver?\n採用GFT最新開發的Hydro GFT鞋套，讓腿力傳導更直接～\n傲人的蹼面長度(87cm)，大深度無懈可擊?\n✨可加購專屬訂製服務，打造獨一無二的蛙鞋✨', '玻璃纖維', 'CARBONIO GFT', '', 'active', '00', '16750', '14', '', '0000-00-00 00:00:00', '0000-00-00 00:00:00'),
('I20010027', 'PRUSSIAN BLUE - 玻璃纖維水彩暈染 Glass Fiber', 'A0025.jpg', 'c001', 't012', '堅韌耐用、輕量化以及回彈效率佳，霧面啞光的碳纖維板，以極美的「透明」U型矽膠導水條收邊，絕佳的導水效率，不易彈性疲乏及裂化，展現低調的工業風質感！台灣生產製造，高品質專業工藝技術，結合特殊航太科技等級用料，打造屬於台灣第一個蛙鞋自創品牌！裸板極輕約230g，長度82公分，寬度19公分，共有「軟」、「中」兩種硬度選擇。高貴不貴，價格親民，訴求「初心者」也能輕易入手高品質的「輕鬆下潛神器」！', '玻璃纖維', 'PRUSSIAN BLUE', '', 'active', '00', '8800', '7', '', '0000-00-00 00:00:00', '0000-00-00 00:00:00'),
('I20010028', 'LEADERFINS - 全碳纖維蛙鞋板(裸板) 基本款', 'A0026.jpg', 'c001', 't014', '超高CP值!!!平民版碳纖維，用低價格換取高性能~\n橡膠導水條能提供最大的效率及確保水流的導向。\n尺寸完整，小腳女孩輕鬆著用', '碳纖維', 'LEADERFINS', '', 'active', '00', '6980', '12', '', '0000-00-00 00:00:00', '0000-00-00 00:00:00'),
('I20010029', 'ALCHEMY - V3', 'A0027.jpg', 'c001', 't011', '自由潛水可以追溯自古希臘地中海海人下海採集海綿而來，地中海的神話傳說創造出人魚精神，而來到現今講到自由潛水頂級碳纖維蛙鞋就不得不提到來自希臘 Alchemy V3，極致的推進效率加上細膩的工藝，讓人愛不釋手，特式版金三角V3也可以訂貨，歡迎洽詢！', '碳纖維', 'ALCHEMY', '', 'active', '00', '17900', '3', '', '0000-00-00 00:00:00', '0000-00-00 00:00:00'),
('I20010030', 'ALCHEMY - V3 特殊色', 'A0028.jpg', 'c001', 't011', 'ALCHEMY V3 配備最新碳纖維科技，能夠讓你穿起來更舒服、踢起來更勇猛，如果我是總統候選人，就會在政見發表會全國轉播告訴所有喜歡自由潛水的人都該來一雙。', '碳纖維', 'ALCHEMY', '', 'active', '00', '19600', '13', '', '0000-00-00 00:00:00', '0000-00-00 00:00:00'),
('I20010031', 'LAZYFISH - 大理石碳纖維蛙鞋 S-WING腳套', 'A0029.jpg', 'c001', 't011', '性能與美型極致，網美/網帥欽點款 \n法國頂級純碳纖維+3D立體V-Cut結構，增加踢動效率 \nVARTM製程，以高壓真空灌注，有效發揮碳纖維材料之性能 ', '碳纖維', 'LAZYFISH', '', 'active', '00', '18200', '10', '', '0000-00-00 00:00:00', '0000-00-00 00:00:00'),
('I20010032', 'LAZYFISH - 大理石碳纖維蛙鞋板(裸板)', 'A0030.jpg', 'c001', 't014', '性能與美型極致，網美/網帥欽點款 \n法國頂級純碳纖維+3D立體V-Cut結構，增加踢動效率 \nVARTM製程，以高壓真空灌注，有效發揮碳纖維材料之性能 \n*裸版尺寸76 x 19.5cm', '碳纖維', 'LAZYFISH', '', 'active', '00', '14600', '12', '', '0000-00-00 00:00:00', '0000-00-00 00:00:00'),
('I20010033', 'LAZYFISH - 經典碳纖維蛙鞋 S-WING腳套', 'A0031.jpg', 'c001', 't011', '性能與美型極致，網美/網帥欽點款 \n法國頂級純碳纖維+3D立體V-Cut結構，增加踢動效率 \nVARTM製程，以高壓真空灌注，有效發揮碳纖維材料之性能 \n*裸版尺寸76 x 19.5cm', '碳纖維', 'LAZYFISH', '', 'active', '00', '16400', '15', '', '0000-00-00 00:00:00', '0000-00-00 00:00:00'),
('I20010034', 'LAZYFISH - 經典碳纖維蛙鞋板(裸板)', 'A0032.jpg', 'c001', 't014', '性能與美型極致，網美/網帥欽點款 \n法國頂級純碳纖維+3D立體V-Cut結構，增加踢動效率 \nVARTM製程，以高壓真空灌注，有效發揮碳纖維材料之性能 \n*裸版尺寸76 x 19.5cm', '碳纖維', 'LAZYFISH', '', 'active', '00', '12800', '6', '', '0000-00-00 00:00:00', '0000-00-00 00:00:00'),
('I20010035', 'LEADERFINS - 玻璃纖維蛙鞋板(裸板) 限量款 ART 大藝術家', 'A0033.jpg', 'c001', 't014', '超高CP值，加購鞋套即可輕鬆入手 \n後現代生活的海洋體現 \n尺寸完整，小腳女孩輕鬆著用 \n*裸版尺寸80 x 20cm', '玻璃纖維', 'LEADERFINS', '', 'active', '00', '6000', '15', '', '0000-00-00 00:00:00', '0000-00-00 00:00:00'),
('I20010036', 'LEADERFINS - 玻璃纖維蛙鞋板(裸板) 限量款 SEA QUEEN 深海童話', 'A0034.jpg', 'c001', 't014', '超高CP值，加購鞋套即可輕鬆入手 \n後現代生活的海洋體現 \n尺寸完整，小腳女孩輕鬆著用 \n*裸版尺寸80 x 20cm', '玻璃纖維', 'LEADERFINS', '', 'active', '00', '6000', '14', '', '0000-00-00 00:00:00', '0000-00-00 00:00:00'),
('I20010037', 'LEADERFINS - 玻璃纖維蛙鞋板(裸板) 限量款 EXOTIC 南國風情', 'A0035.jpg', 'c001', 't014', '超高CP值，加購鞋套即可輕鬆入手 \n後現代生活的海洋體現 \n尺寸完整，小腳女孩輕鬆著用 \n*裸版尺寸80 x 20cm', '玻璃纖維', 'LEADERFINS', '', 'active', '00', '6000', '10', '', '0000-00-00 00:00:00', '0000-00-00 00:00:00'),
('I20010038', 'LEADERFINS - 玻璃纖維蛙鞋板(裸板) 限量款 RAINBOW 迷幻吶喊', 'A0036.jpg', 'c001', 't014', '超高CP值，加購鞋套即可輕鬆入手 \n後現代生活的海洋體現 \n尺寸完整，小腳女孩輕鬆著用 \n*裸版尺寸80 x 20cm', '玻璃纖維', 'LEADERFINS', '', 'active', '00', '6000', '5', '', '0000-00-00 00:00:00', '0000-00-00 00:00:00'),
('I20010039', 'LEADERFINS - 玻璃纖維蛙鞋板(裸板) 限量款 INK 藍彩墨寶', 'A0037.jpg', 'c001', 't014', '超高CP值，加購鞋套即可輕鬆入手 \n後現代生活的海洋體現 \n尺寸完整，小腳女孩輕鬆著用 \n*裸版尺寸80 x 20cm', '玻璃纖維', 'LEADERFINS', '', 'active', '00', '6000', '3', '', '0000-00-00 00:00:00', '0000-00-00 00:00:00'),
('I20010040', 'LEADERFINS - 玻璃纖維蛙鞋板(裸板) 限量款 ELECTRICITY 電氣時代', 'A0038.jpg', 'c001', 't014', '超高CP值，加購鞋套即可輕鬆入手 \n後現代生活的海洋體現 \n尺寸完整，小腳女孩輕鬆著用 \n*裸版尺寸80 x 20cm', '玻璃纖維', 'LEADERFINS', '', 'active', '00', '6000', '13', '', '0000-00-00 00:00:00', '0000-00-00 00:00:00'),
('I20010041', 'PENETRATOR - GHOST 玻璃纖維蛙鞋板(裸板) 魔力紅', 'A0039.jpg', 'c001', 't014', '韌性強X大推力-高階玻纖首選 \n獨家高透度技術，讓玻璃纖維呈現前所未有的潔淨透明\n光源照射下將產生獨特的光暈效果，美感UP\n*裸版尺寸85.5 x 19.5cm', '玻璃纖維', 'PENETRATOR', '', 'active', '00', '9800', '7', '', '0000-00-00 00:00:00', '0000-00-00 00:00:00'),
('I20010042', 'PENETRATOR - GHOST 玻璃纖維蛙鞋板(裸板) 櫻花粉', 'A0040.jpg', 'c001', 't014', '韌性強X大推力-高階玻纖首選 \n獨家高透度技術，讓玻璃纖維呈現前所未有的潔淨透明\n光源照射下將產生獨特的光暈效果，美感UP\n*裸版尺寸85.5 x 19.5cm', '玻璃纖維', 'PENETRATOR', '', 'active', '00', '9800', '9', '', '0000-00-00 00:00:00', '0000-00-00 00:00:00'),
('I20010043', 'PENETRATOR - GHOST 玻璃纖維蛙鞋板(裸板) 透明', 'A0041.jpg', 'c001', 't014', '韌性強X大推力-高階玻纖首選 \n獨家高透度技術，讓玻璃纖維呈現前所未有的潔淨透明\n光源照射下將產生獨特的光暈效果，美感UP\n*裸版尺寸85.5 x 19.5cm', '玻璃纖維', 'PENETRATOR', '', 'active', '00', '9800', '4', '', '0000-00-00 00:00:00', '0000-00-00 00:00:00'),
('I20010044', 'DIVER - 碳纖維蛙鞋版(裸板) 萬靈之鯊', 'A0042.jpg', 'c001', 't014', '澳洲頂級自潛/漁獵品牌，\n特製調配的環氧樹脂，\n航太級碳纖維，\n絕妙造成自潛蛙鞋最佳的彈性施力比。\n\n建議搭配腳套\nPathos \nS-wing    *(使用此腳套，因無腳套倒水條，腳套邊緣與板子邊條相差約2cm，但不影響使用效果)\nMares\nLeaderfins', '碳纖維', 'DIVER', 'S20010001', 'active', '00', '13360', '15', '', '0000-00-00 00:00:00', '0000-00-00 00:00:00'),
('I20010045', 'DIVER - 碳纖維蛙鞋版(裸板) 海洋之神', 'A0043.jpg', 'c001', 't014', '澳洲頂級自潛/漁獵品牌，\n特製調配的環氧樹脂，\n航太級碳纖維，\n絕妙造成自潛蛙鞋最佳的彈性施力比。\n\n建議搭配腳套\nPathos \nS-wing    *(使用此腳套，因無腳套倒水條，腳套邊緣與板子邊條相差約2cm，但不影響使用效果)\nMares\nLeaderfins', '碳纖維', 'DIVER', 'S20010001', 'active', '00', '13360', '6', '', '0000-00-00 00:00:00', '0000-00-00 00:00:00'),
('I20010046', 'DIVER - 碳纖維蛙鞋版(裸板) 紫裸女之愛', 'A0044.jpg', 'c001', 't014', '澳洲頂級自潛/漁獵品牌，\n特製調配的環氧樹脂，\n航太級碳纖維，\n絕妙造成自潛蛙鞋最佳的彈性施力比。\n\n建議搭配腳套\nPathos \nS-wing    *(使用此腳套，因無腳套倒水條，腳套邊緣與板子邊條相差約2cm，但不影響使用效果)\nMares\nLeaderfins', '碳纖維', 'DIVER', 'S20010001', 'active', '00', '13360', '11', '', '0000-00-00 00:00:00', '0000-00-00 00:00:00'),
('I20010047', 'DIVER - 碳纖維蛙鞋版(裸板) 沙丁魚風暴', 'A0045.jpg', 'c001', 't014', '澳洲頂級自潛/漁獵品牌，\n特製調配的環氧樹脂，\n航太級碳纖維，\n絕妙造成自潛蛙鞋最佳的彈性施力比。\n\n建議搭配腳套\nPathos \nS-wing    *(使用此腳套，因無腳套倒水條，腳套邊緣與板子邊條相差約2cm，但不影響使用效果)\nMares\nLeaderfins', '碳纖維', 'DIVER', 'S20010001', 'hold', '00', '13360', '3', '', '0000-00-00 00:00:00', '0000-00-00 00:00:00'),
('I20010048', 'DIVER - 碳纖維蛙鞋版(裸板) 獅子魚', 'A0046.jpg', 'c001', 't014', '澳洲頂級自潛/漁獵品牌，\n特製調配的環氧樹脂，\n航太級碳纖維，\n絕妙造成自潛蛙鞋最佳的彈性施力比。\n\n建議搭配腳套\nPathos \nS-wing    *(使用此腳套，因無腳套倒水條，腳套邊緣與板子邊條相差約2cm，但不影響使用效果)\nMares\nLeaderfins', '碳纖維', 'DIVER', '', 'active', '00', '13360', '5', '', '0000-00-00 00:00:00', '0000-00-00 00:00:00'),
('I20010049', 'DIVER - 碳纖維蛙鞋版(裸板) 多拉多的眼淚', 'A0047.jpg', 'c001', 't014', '澳洲頂級自潛/漁獵品牌，\n特製調配的環氧樹脂，\n航太級碳纖維，\n絕妙造成自潛蛙鞋最佳的彈性施力比。\n\n建議搭配腳套\nPathos \nS-wing    *(使用此腳套，因無腳套倒水條，腳套邊緣與板子邊條相差約2cm，但不影響使用效果)\nMares\nLeaderfins', '碳纖維', 'DIVER', '', 'active', '00', '13360', '13', '', '0000-00-00 00:00:00', '0000-00-00 00:00:00'),
('I20010050', 'CARBONIO GFT - Monofin VTR KETOS 玻璃纖維單蹼', 'A0048.jpg', 'c001', 't012', '來自義大利的預浸技術讓板材更強韌，推進力再提升 \n輕量化設計(1.8kg)，水中耗能更低\n原廠HYDRO腳套的絕佳包覆性 ', '玻璃纖維', 'CARBONIO GFT', '', 'active', '00', '20500', '15', '', '0000-00-00 00:00:00', '0000-00-00 00:00:00'),
('I20010051', 'CARBONIO GFT - Monofin Pro Carbon KETOS HF碳纖維單蹼', 'A0049.jpg', 'c001', 't011', '來自義大利的預浸技術讓板材更強韌，推進力再提升 \n輕量化設計(1.4kg)，水中使用耗能更低\n原廠HYDRO腳套的絕佳包覆性  ', '碳纖維', 'CARBONIO GFT', '', 'active', '00', '28500', '12', '', '0000-00-00 00:00:00', '0000-00-00 00:00:00'),
('I20010052', 'SEAC - Motus 塑膠長蛙鞋 迷彩藍', 'A0050.jpg', 'c001', 't013', '超高CP值，鞋板+鞋套一次購足\n出色的柔韌性，一般深度皆適用\n蛙鞋板表面突起的導水片設計，有助於踢動時腳部的穩定，減少晃動。', '塑膠', 'SEAC', 'S20010001', 'active', '00', '3200', '6', '', '0000-00-00 00:00:00', '0000-00-00 00:00:00'),
('I20010053', 'SEAC - Motus 塑膠長蛙鞋 迷彩紅', 'A0051.jpg', 'c001', 't013', '超高CP值，鞋板+鞋套一次購足\n出色的柔韌性，一般深度皆適用\n蛙鞋板表面突起的導水片設計，有助於踢動時腳部的穩定，減少晃動。', '塑膠', 'SEAC', 'S20010001', 'active', '00', '3200', '5', '', '0000-00-00 00:00:00', '0000-00-00 00:00:00'),
('I20010054', 'SEAC - Motus 塑膠長蛙鞋 迷彩綠', 'A0052.jpg', 'c001', 't013', '超高CP值，鞋板+鞋套一次購足\n出色的柔韌性，一般深度皆適用\n蛙鞋板表面突起的導水片設計，有助於踢動時腳部的穩定，減少晃動。', '塑膠', 'SEAC', 'S20010001', 'active', '00', '3200', '7', '', '0000-00-00 00:00:00', '0000-00-00 00:00:00'),
('I20010055', 'SEAC - Motus 塑膠長蛙鞋 迷彩棕', 'A0053.jpg', 'c001', 't013', '超高CP值，鞋板+鞋套一次購足\n出色的柔韌性，一般深度皆適用\n蛙鞋板表面突起的導水片設計，有助於踢動時腳部的穩定，減少晃動。', '塑膠', 'SEAC', 'S20010001', 'active', '00', '3200', '10', '', '0000-00-00 00:00:00', '0000-00-00 00:00:00'),
('I20010056', 'AMONG - UNU LT 塑膠長蛙鞋 清純白', 'A0054.jpg', 'c001', 't013', '實用塑膠板首選-好用耐操\n單隻重量僅650g，減低腳部負擔\n中軟彈性，瘦小女孩也能輕鬆踢\n規格:總長76cm(從折角處至板尾59cm)/寬21cm', '塑膠', 'AMONG', '', 'active', '00', '4980', '12', '', '0000-00-00 00:00:00', '0000-00-00 00:00:00'),
('I20010057', 'LEADERFINS - 玻璃纖維蛙鞋 經典款 冰晶白', 'A0055.jpg', 'c001', 't012', '超高CP值，鞋板+鞋套輕鬆入手!!!純白配色，清新亮眼～\n橡膠導水條能提供最大的效率及確保水流的導向。\n尺寸完整，小腳女孩輕鬆著用', '玻璃纖維', 'LEADERFINS', '', 'active', '00', '4980', '5', '', '0000-00-00 00:00:00', '0000-00-00 00:00:00'),
('I20010058', 'CETMA - PRANA 碳纖維長蛙鞋板(裸板) 螢光黃', 'A0056.jpg', 'c001', 't014', '去除掉龍骨的設計讓碳纖維蛙鞋版得到更完整的擺動，同時減少了重量。\n蛙鞋版底部延伸至足跟，讓您的腿力傳導更充分。\n高鋼度包覆，舒適更合腳。\n採螺絲固定，更換更方便。', '碳纖維', 'CETMA', '', 'active', '00', '13800', '8', '', '0000-00-00 00:00:00', '0000-00-00 00:00:00'),
('I20010059', 'CETMA - PRANA 碳纖維長蛙鞋板(裸板) 螢光橘', 'A0057.jpg', 'c001', 't014', '去除掉龍骨的設計讓碳纖維蛙鞋版得到更完整的擺動，同時減少了重量。\n蛙鞋版底部延伸至足跟，讓您的腿力傳導更充分。\n高鋼度包覆，舒適更合腳。\n採螺絲固定，更換更方便。', '碳纖維', 'CETMA', '', 'active', '00', '13800', '9', '', '0000-00-00 00:00:00', '0000-00-00 00:00:00'),
('I20010060', 'CETMA - PRANA 碳纖維長蛙鞋板(裸板) 螢光紅', 'A0058.jpg', 'c001', 't014', '去除掉龍骨的設計讓碳纖維蛙鞋版得到更完整的擺動，同時減少了重量。\n蛙鞋版底部延伸至足跟，讓您的腿力傳導更充分。\n高鋼度包覆，舒適更合腳。\n採螺絲固定，更換更方便。', '碳纖維', 'CETMA', '', 'active', '00', '13800', '10', '', '0000-00-00 00:00:00', '0000-00-00 00:00:00'),
('I20010061', 'CETMA - EDGE 碳纖維長蛙鞋 S-WING腳套', 'A0059.jpg', 'c001', 't011', '蹼尖、鞋跟處設計採不同彎曲係數，延伸踢腿力道，增加推進力。\n新改良矽膠導水條，彈性佳更耐用。\n原廠採無龍骨設計的S-WING腳套，讓蛙鞋板有更全面的擺動幅度。\n針對S-WING腳套所開發的蛙鞋板，根部延長、深入腳跟，讓動力傳導更全面。', '碳纖維', 'CETMA', '', 'active', '00', '19000', '2', '', '0000-00-00 00:00:00', '0000-00-00 00:00:00'),
('I20010062', 'GULL - VADER Mask UV400 黃', 'B0001.jpg', 'c002', 't021', '全新的設計,更貼近您的臉,減少頰骨的壓迫.更佳排水性,面鏡排水不抬頭,只須由鼻輕吐氣.專為東方人臉型設計.鏡片抗UV處理。有增豔效果,水下視覺更佳.日本製造.', '塑膠', 'GULL', '', 'active', '00', '4100', '9', '', '0000-00-00 00:00:00', '0000-00-00 00:00:00'),
('I20010063', 'GULL - Mantis 5 Mask 面鏡 迷彩粉紅', 'B0002.jpg', 'c002', 't021', 'Made in Japan MANTIS 5 MASK SERIES 不滅傳說勇居銷售冠軍第一名超過35年的Mantis面鏡，有其值得自豪之處--- 適合所有人的潛水面鏡。精確的設計，讓您幾乎感覺不到它的存在。隨著時代的改變，技術及材質的改良，Mantis 仍然是您不變的選擇。日本製造', '塑膠', 'GULL', '', 'active', '00', '2500', '10', '', '0000-00-00 00:00:00', '0000-00-00 00:00:00'),
('I20010064', 'GULL - Lanze 面鏡  黑綠', 'B0003.jpg', 'c002', 't021', '寬廣的視線，更佳的安全性設計，雙色框，一如往常的舒適，更貼近您的臉，減少頰骨的壓迫，更佳的排水性，適合各種臉型', '塑膠', 'GULL', '', 'active', '00', '3100', '3', '', '0000-00-00 00:00:00', '0000-00-00 00:00:00'),
('I20010065', 'GULL - Abyss 海女面鏡', 'B0004.jpg', 'c002', 't022', '經典款的海女面鏡.. 金屬框絕對好的視野，柔軟矽膠裙邊，可直接捏矽膠裙邊做平壓。GULL的用心創造出的高品質', '玻璃', 'GULL', '', 'active', '00', '2500', '10', '', '0000-00-00 00:00:00', '0000-00-00 00:00:00'),
('I20010066', 'GULL - Lanze 面鏡  黑綠', 'B0005.jpg', 'c002', 't021', '寬廣的視線，更佳的安全性設計，雙色框，一如往常的舒適，更貼近您的臉，減少頰骨的壓迫，更佳的排水性，適合各種臉型.', '塑膠', 'GULL', '', 'active', '00', '3100', '11', '', '0000-00-00 00:00:00', '0000-00-00 00:00:00'),
('I20010067', 'GULL - VADER Mask UV420', 'B0006.jpg', 'c002', 't021', '全新的設計,更貼近您的臉,減少頰骨的壓迫.更佳排水性,面鏡排水不抬頭,只須由鼻輕吐氣.專為東方人臉型設計.鏡片抗UV處理。有增豔效果,水下視覺更佳.日本製造.', '塑膠', 'GULL', '', 'active', '00', '5000', '5', '', '0000-00-00 00:00:00', '0000-00-00 00:00:00'),
('I20010068', 'AQUATEC - MK-500', 'B0007.jpg', 'c002', 't021', '新廣角鏡片視野與傳統視野的設計相比其增加了視野150％（目標1米的距離）。這個MK-500大視野潛水面鏡採用了更大的鏡片，縮短眼睛與鏡片之間的距離以增大視線，降低外框的厚度與外裙部的邊緣以達到最大視野要求。高品質的矽膠面罩移至前額中央以達到鏡片和眼睛之間的距離縮短，從而達到更廣闊的視野，靈活的蛙鏡調帶扣可迅速調整其潛水面罩緊度。', '塑膠', 'AQUATEC', '', 'active', '00', '1000', '7', '', '0000-00-00 00:00:00', '0000-00-00 00:00:00'),
('I20010069', 'GULL - Mantis LV MaskUV400 白', 'B0008.jpg', 'c002', 't021', '全新的設計,更貼近您的臉,減少頰骨的壓迫.更佳排水性,面鏡排水不抬頭,只須由鼻輕吐氣.專為東方人臉型設計.鏡片抗UV處理。有增豔效果,水下視覺更佳.', '塑膠', 'GULL', '', 'active', '00', '4000', '6', '', '0000-00-00 00:00:00', '0000-00-00 00:00:00'),
('I20010070', 'GULL - VADER Mask UV420 深藍', 'B0009.jpg', 'c002', 't021', '全新的設計,更貼近您的臉,減少頰骨的壓迫.更佳排水性,面鏡排水不抬頭,只須由鼻輕吐氣.專為東方人臉型設計.鏡片抗UV處理。有增豔效果,水下視覺更佳.日本製造.', '塑膠', 'GULL', '', 'active', '00', '4400', '4', '', '0000-00-00 00:00:00', '0000-00-00 00:00:00'),
('I20010071', 'GULL - VADER Mask UV400 白', 'B0010.jpg', 'c002', 't021', '全新的設計,更貼近您的臉,減少頰骨的壓迫.更佳排水性,面鏡排水不抬頭,只須由鼻輕吐氣.專為東方人臉型設計.鏡片抗UV處理。有增豔效果,水下視覺更佳.日本製造.', '塑膠', 'GULL', '', 'active', '00', '4000', '13', '', '0000-00-00 00:00:00', '0000-00-00 00:00:00'),
('I20010072', 'GULL - VADER Mask UV 420 灰', 'B0012.jpg', 'c002', 't021', '全新的設計,更貼近您的臉,減少頰骨的壓迫.更佳排水性,面鏡排水不抬頭,只須由鼻輕吐氣.專為東方人臉型設計.鏡片抗UV處理。有增豔效果,水下視覺更佳.日本製造.', '塑膠', 'GULL', '', 'active', '00', '4000', '9', '', '0000-00-00 00:00:00', '0000-00-00 00:00:00'),
('I20010073', 'GULL - Mantis LV Mask UV400 黑', 'B0013.jpg', 'c002', 't021', '全新的設計,更貼近您的臉,減少頰骨的壓迫.更佳排水性,面鏡排水不抬頭,只須由鼻輕吐氣.專為東方人臉型設計.鏡片抗UV處理。有增豔效果,水下視覺更佳.日本製造.', '塑膠', 'GULL', '', 'active', '00', '3900', '11', '', '0000-00-00 00:00:00', '0000-00-00 00:00:00'),
('I20010074', 'GULL - Lanze 面鏡  黑橘', 'B0014.jpg', 'c002', 't021', '寬廣的視線，更佳的安全性設計，雙色框，一如往常的舒適，更貼近您的臉，減少頰骨的壓迫，更佳的排水性，適合各種臉型', '塑膠', 'GULL', '', 'active', '00', '3000', '6', '', '0000-00-00 00:00:00', '0000-00-00 00:00:00'),
('I20010075', 'GULL - VADER Mask UV420 銀', 'B0015.jpg', 'c002', 't021', '全新的設計,更貼近您的臉,減少頰骨的壓迫.更佳排水性,面鏡排水不抬頭,只須由鼻輕吐氣.專為東方人臉型設計.鏡片抗UV處理。有增豔效果,水下視覺更佳.', '塑膠', 'GULL', '', 'active', '00', '5000', '10', '', '0000-00-00 00:00:00', '0000-00-00 00:00:00'),
('I20010076', 'GULL - VADER Mask UV420 藍', 'B0016.jpg', 'c002', 't021', '全新的設計,更貼近您的臉,減少頰骨的壓迫.更佳排水性,面鏡排水不抬頭,只須由鼻輕吐氣.專為東方人臉型設計.鏡片抗UV處理。有增豔效果,水下視覺更佳.', '塑膠', 'GULL', '', 'active', '00', '5000', '13', '', '0000-00-00 00:00:00', '0000-00-00 00:00:00'),
('I20010077', 'GULL - Fanette 小臉專用 抗UV420 淺藍', 'B0017.jpg', 'c002', 't021', '全新的設計,更貼近您的臉,減少頰骨的壓迫.更佳排水性,面鏡排水不抬頭,只須由鼻輕吐氣.專為東方人臉型設計.鏡片抗UV420處理,並保護您眼部附近細緻皮膚。有增豔效果,水下視覺更佳.日本製造.', '塑膠', 'GULL', '', 'active', '00', '4000', '7', '', '0000-00-00 00:00:00', '0000-00-00 00:00:00'),
('I20010078', 'GULL - Lanze 面鏡  白藍', 'B0018.jpg', 'c002', 't021', '寬廣的視線，更佳的安全性設計，雙色框，一如往常的舒適，更貼近您的臉，減少頰骨的壓迫，更佳的排水性，適合各種臉型', '塑膠', 'GULL', '', 'hold', '00', '3000', '9', '', '0000-00-00 00:00:00', '2020-03-25 17:18:53'),
('I20010079', 'GULL - Mantis 5 Mask 面鏡 橘', 'B0019.jpg', 'c002', 't021', 'MANTIS 5 MASK SERIES 不滅傳說勇居銷售冠軍第一名超過35年的Mantis面鏡，有其值得自豪之處--- 適合所有人的潛水面鏡。精確的設計，讓您幾乎感覺不到它的存在。隨著時代的改變，技術及材質的改良，Mantis 仍然是您不變的選擇。日本製造.', '塑膠', 'GULL', '', 'active', '00', '2800', '11', '', '0000-00-00 00:00:00', '0000-00-00 00:00:00'),
('I20010080', 'GULL - Coco Mask 面鏡 白黑', 'B0020.jpg', 'c002', 't021', '特殊裙邊設計.符合東方人臉型.面鏡扣與矽膠一體成型.角度更大.護髮帶特殊材質處裡.穿脫更容易.絕不打結.鼻部霧化處理', '塑膠', 'GULL', '', 'active', '00', '2700', '10', '', '0000-00-00 00:00:00', '0000-00-00 00:00:00'),
('I20010081', 'SCUBAPRO - STEEL COMP 低容積面鏡', 'B0021.jpg', 'c002', 't021', '經典高人氣款柔軟群邊更合臉低內容積設計，平壓更輕鬆', '塑膠', 'SCUBAPRO', '', 'active', '00', '2000', '3', '', '0000-00-00 00:00:00', '0000-00-00 00:00:00'),
('I20010082', 'OMER - ZERO3 低容積面鏡 黑色款', 'B0022.jpg', 'c002', 't021', '寬視野x低容積，運動性能優異的自由潛水面鏡 可視範圍更大，彷彿無面鏡般的自然視野 美形外觀更酷炫', '塑膠', 'OMER', '', 'active', '00', '1500', '3', '', '0000-00-00 00:00:00', '0000-00-00 00:00:00'),
('I20010083', 'SPORASUB - PIRANHA 低容積面鏡', 'B0023.jpg', 'c002', 't021', '低容積，相較於傳統面鏡減少30%的內容積 \n寬視野，提供自然寬廣的水下視野 \n更輕量，121g的輕量化設計讓您配戴輕鬆無負擔 ', '塑膠', 'SPORASUB', '', 'active', '00', '1800', '10', '', '0000-00-00 00:00:00', '0000-00-00 00:00:00'),
('I20010084', 'PATHOS - MICRO MASK 低容積面鏡', 'B0024.jpg', 'c002', 't021', '寬視野x低容積-運動性能優異的自由潛水面鏡 \n柔軟矽膠裙邊/鼻翼-密合度佳/極度好捏鼻平壓 \n高CP值的自潛漁獵好物', '塑膠', 'PATHOS', 'S20010001', 'hold', '00', '1500', '2', '', '0000-00-00 00:00:00', '0000-00-00 00:00:00'),
('I20010085', 'APOLLO - BIO METAL PRO 手工拋光鏡框/經典海龍王', 'B0025.jpg', 'c002', 't022', '工程規格的高階面鏡-自潛、水肺皆可用 氣相沉積加工之不鏽鋼金框-本系列最高強度、耐用度 專利寬視野-高強度鏡框讓左右鏡片間距拉近至7mm，視野無阻礙 TYPE A低容積-為系列款式內容積最低(60cc) *可依需求選配多款器材(如手電筒、運動攝影機等)', '玻璃', 'APOLLO', '', 'active', '00', '15000', '12', '', '0000-00-00 00:00:00', '0000-00-00 00:00:00'),
('I20010086', 'APOLLO - BIO METAL PRO 燻黑不鏽鋼鏡框/暗黑海龍王', 'B0026.jpg', 'c002', 't022', '工程規格的高階面鏡-自潛、水肺皆可用 燻黑加工之不鏽鋼黑框-高強度、耐用度、低調奢華 專利寬視野-高強度鏡框讓左右鏡片間距拉近至7mm，視野無阻礙 TYPE A低容積-為系列款式內容積最低(60cc) \n*可依需求選配多款器材(如手電筒、運動攝影機等)', '玻璃', 'APOLLO', '', 'active', '00', '16000', '2', '', '0000-00-00 00:00:00', '0000-00-00 00:00:00'),
('I20010087', 'APOLLO - BIO METAL PRO 手作不鏽鋼金框/黃金海龍王', 'B0027.jpg', 'c002', 't022', '工程規格的高階面鏡-自潛、水肺皆可用 氣相沉積加工之不鏽鋼金框-本系列最高強度、耐用度 專利寬視野-高強度鏡框讓左右鏡片間距拉近至7mm，視野無阻礙 TYPE A低容積-為系列款式內容積最低(60cc) \n*可依需求選配多款器材(如手電筒、運動攝影機等)', '玻璃', 'APOLLO', '', 'active', '00', '18000', '3', '', '0000-00-00 00:00:00', '0000-00-00 00:00:00'),
('I20010088', 'APOLLO - BIO METAL PREMIUM 桃紅 X UV420鏡片', 'B0028.jpg', 'c002', 't022', '護眼高規格-獨步採用UV420鏡片，過濾藍/紫光保護眼睛，降低眼部病變機率高透度維持-保留鏡片透度，不影響您的水中觀賞，以及潛伴仍可從外查看您的神智狀況專利寬視野-高強度鏡框讓左右鏡片間距拉近至7mm，視野無阻礙 \nTYPE A低容積-為系列款式內容積最低(60cc) ', '玻璃', 'APOLLO', '', 'active', '00', '9000', '5', '', '0000-00-00 00:00:00', '0000-00-00 00:00:00'),
('I20010089', 'TRYGONS - 液態面鏡', 'B0029.jpg', 'c002', 't023', '能保有正常水下視野，又省去面鏡平壓的空氣消耗。外圍膠框以亞洲人臉型掃描製作，合臉度更佳；亦可自行打磨增加貼合。搭配鼻夾使用，平衡耳壓更輕鬆。*內含二顆凸透鏡，依潛水員瞳孔位置膠黏於膠框即完成安裝。', '塑膠', 'TRYGONS', '', 'active', '00', '7500', '3', '', '0000-00-00 00:00:00', '0000-00-00 00:00:00'),
('I20010090', 'GULL - Naida Mask 面鏡 紫', 'B0030.jpg', 'c002', 't022', '特殊裙邊設計.符合東方人臉型.面鏡扣與矽膠一體成型.角度更大.護髮帶特殊材處裡.穿脫更容易.絕不打結.鼻部霧化處理.', '玻璃', 'GULL', '', 'active', '00', '2400', '5', '', '0000-00-00 00:00:00', '0000-00-00 00:00:00'),
('I20010091', 'SCUBAPRO - STEEL PRO 單片式面鏡', 'B0031.jpg', 'c002', 't022', '視野無阻隔，輕鬆飽覽水中美景(與妹子) \n低容積設計，兼具寬視野與運動性能', '玻璃', 'SCUBAPRO', '', 'active', '00', '2000', '12', '', '0000-00-00 00:00:00', '0000-00-00 00:00:00'),
('I20010092', 'OMER - APNEA MASK 單片式面鏡 黑色款', 'B0032.jpg', 'c002', 't022', '視野無阻隔，水中世界一覽無遺 \n低容積設計，兼具優質視野與運動性能 \n美型X高性能', '玻璃', 'OMER', '', 'hold', '00', '1600', '13', '', '0000-00-00 00:00:00', '2020-03-25 17:17:58'),
('I20010093', 'OMER - ALIEN 低容積面鏡 迷彩棕', 'I0016.jpg', 'c002', 't021', '', '', 'OMER', 'S20010001', 'active', '00', '1350', '11', '', '0000-00-00 00:00:00', '0000-00-00 00:00:00'),
('I20010094', 'OMER - ALIEN 低容積面鏡 迷彩綠', 'I0017.jpg', 'c002', 't021', '', '', 'OMER', 'S20010001', 'active', '00', '1350', '14', '', '0000-00-00 00:00:00', '0000-00-00 00:00:00'),
('I20010095', 'OMER - UP-M1 白色', 'I0018.jpg', 'c002', 't021', '', '', 'OMER', 'S20010001', 'active', '00', '1380', '4', '', '0000-00-00 00:00:00', '0000-00-00 00:00:00'),
('I20010096', 'OMER - UP-M1 橘色', 'I0019.jpg', 'c002', 't021', '', '', 'OMER', 'S20010001', 'active', '00', '1380', '13', '', '0000-00-00 00:00:00', '0000-00-00 00:00:00'),
('I20010097', 'OMER - UP-M1 黃色', 'I0020.jpg', 'c002', 't021', '', '', 'OMER', 'S20010001', 'hold', '00', '1380', '3', '', '0000-00-00 00:00:00', '0000-00-00 00:00:00'),
('I20010098', 'OMER - AQUA 低容積面鏡', 'I0021.jpg', 'c002', 't021', '', '', 'OMER', 'S20010001', 'active', '00', '1450', '10', '', '0000-00-00 00:00:00', '0000-00-00 00:00:00'),
('I20010099', 'Beuchat - ACTIVA TUBAIR 呼吸管', 'H0005.jpg', 'c003', 't032', '弧形管呼吸管採用非常柔軟的PU材料模製而成，可以容易的將其折疊在BC的口袋中。', '矽膠', 'Beuchat', '', 'active', '00', '800', '13', '', '0000-00-00 00:00:00', '0000-00-00 00:00:00'),
('I20010100', 'Beuchat - SPY Snorkel 自由潛水呼吸管', 'H0006.jpg', 'c003', 't031', '• 簡單而有效的呼吸管\n• 整體弧線彎曲造型，以及柔軟的矽膠咬嘴，減輕下顎負擔\n• 便於連接面鏡的管扣\n• 流線造型簡單大方，顏色眾多　', '矽膠', 'Beuchat', '', 'active', '00', '650', '6', '', '0000-00-00 00:00:00', '0000-00-00 00:00:00'),
('I20010101', 'LEADERFINS - L1 呼吸管(有排水閥)', 'H0007.jpg', 'c003', 't031', '高級黑矽膠咬嘴-舒適柔軟 \n彈性材質-使用順手更合臉 排水閥設計-排除管內多餘積水，吸吐更順暢 ', '矽膠', 'LEADERFINS', 'S20010001', 'active', '00', '350', '7', '', '0000-00-00 00:00:00', '0000-00-00 00:00:00'),
('I20010102', 'LEADERFINS - L2 呼吸管(無排水閥)', 'H0008.jpg', 'c003', 't031', '高級黑矽膠咬嘴-舒適柔軟 \n彈性材質-使用順手更合臉 ', '矽膠', 'LEADERFINS', 'S20010001', 'active', '00', '350', '11', '', '0000-00-00 00:00:00', '0000-00-00 00:00:00'),
('I20010103', 'PATHOS - 呼吸管', 'H0009.jpg', 'c003', 't031', '高級黑矽膠咬嘴-舒適柔軟\n管身彈性材質-使用順手貼臉　', '矽膠', 'PATHOS', 'S20010001', 'active', '00', '500', '5', '', '0000-00-00 00:00:00', '0000-00-00 00:00:00'),
('I20010104', 'MARES - FD DUAL BASIC 呼吸管', 'H0010.jpg', 'c003', 't031', '自由潛水呼吸管拿來水肺也超級好用，美麗的弧線剛好配合您俊俏的臉龐，快拆式呼吸管夾，目前只進口PRO黑色。 ', '矽膠', 'MARES', '', 'active', '00', '750', '4', '', '0000-00-00 00:00:00', '0000-00-00 00:00:00'),
('I20010105', 'MARES - 鸚鵡螺 自由潛水呼吸管', 'H0011.jpg', 'c003', 't032', '大家都不喜歡面鏡旁邊掛著呼吸管，今年推出一支可以收折放BC口袋的鸚鵡螺呼吸管，以便不時之需。', '矽膠', 'MARES', '', 'active', '00', '750', '10', '', '0000-00-00 00:00:00', '0000-00-00 00:00:00'),
('I20010106', 'MARES - Ergo Dry 乾式呼吸管', 'H0012.jpg', 'c003', 't031', 'Mares也設計了一支乾式呼吸管，最適合您潛水或浮潛使用，新設計的咬嘴，適合各種嘴型，底部有大型排水閥，您只要輕輕一吹，保證乾乾淨不殘留水分，最特別的是頂部的乾式閥門設計，它利用浮球原理，讓閥門在水面上時保持開啟，當呼吸管頂部沒入水中，浮球會自動關閉呼吸管頂端，防止水的進入，這麼貼心與科技的設計，您一定要來試試看！ ', '矽膠', 'MARES', '', 'active', '00', '1200', '12', '', '0000-00-00 00:00:00', '0000-00-00 00:00:00'),
('I20010107', 'GULL - Mini Super Bullet 呼吸管', 'H0013.jpg', 'c003', 't031', '子彈呼吸管、小咬嘴款、全矽膠材質\n加大口徑管身吸氣更充裕、雙誘導氣室排水效果更佳\n專利安全快速可調式卸除管夾、管身流線設計快速破浪', '矽膠', 'GULL', '', 'active', '00', '1800', '10', '', '0000-00-00 00:00:00', '0000-00-00 00:00:00'),
('I20010108', 'GULL - Super Bullet 呼吸管', 'H0014.jpg', 'c003', 't031', '子彈呼吸管、小咬嘴款、全矽膠材質\n加大口徑管身吸氣更充裕、雙誘導氣室排水效果更佳\n專利安全快速可調式卸除管夾、管身流線設計快速破浪', '矽膠', 'GULL', '', 'active', '00', '1800', '11', '', '0000-00-00 00:00:00', '0000-00-00 00:00:00'),
('I20010109', 'SCUBAPRO - APNEA 濕式呼吸管', 'H0015.jpg', 'c003', 't031', '超靈活，可拆卸的管體上部，易於折疊、存放。', '矽膠', 'SCUBAPRO', '', 'active', '00', '600', '9', '', '0000-00-00 00:00:00', '0000-00-00 00:00:00'),
('I20010110', 'SCUBAPRO - SPECTRA 呼吸管', 'H0016.jpg', 'c003', 't032', 'Spectra呼吸管由二個部分所組成，口啣部的咬嘴是用柔軟的透明矽膠及黑色矽膠材料所製成\n可容易地放入口中，輕鬆的簡單的含就可避免水的進入。\n管部是用稍硬的塑膠材料製成，管身頂端狀似蛇頭。\n內面平滑，避免積水並維持空氣順暢的流動。', '矽膠', 'SCUBAPRO', '', 'active', '00', '900', '3', '', '0000-00-00 00:00:00', '0000-00-00 00:00:00'),
('I20010111', 'OMER - UP-NC2鼻夾', 'I0009.jpg', 'c003', 't033', '', '', 'OMER', '', 'active', '00', '500', '5', '', '0000-00-00 00:00:00', '0000-00-00 00:00:00'),
('I20010112', 'APNEAUTIC - 經典款鼻夾', 'I0010.jpg', 'c003', 't033', '', '', 'APNEAUTIC', '', 'active', '00', '1800', '15', '', '0000-00-00 00:00:00', '0000-00-00 00:00:00'),
('I20010113', 'OMER - ZOOM 呼吸管 迷彩黑', 'I0011.jpg', 'c003', 't031', '', '', 'OMER', 'S20010001', 'active', '00', '900', '5', '', '0000-00-00 00:00:00', '0000-00-00 00:00:00'),
('I20010114', 'OMER - ZOOM 呼吸管 迷彩棕', 'I0012.jpg', 'c003', 't031', '', '', 'OMER', 'S20010001', 'active', '00', '900', '10', '', '0000-00-00 00:00:00', '0000-00-00 00:00:00'),
('I20010115', 'OMER - ZOOM 呼吸管 迷彩綠', 'I0013.jpg', 'c003', 't031', '', '', 'OMER', 'S20010001', 'active', '00', '900', '13', '', '0000-00-00 00:00:00', '0000-00-00 00:00:00'),
('I20010116', 'TUSA - SP-170呼吸管 綠色', 'I0014.jpg', 'c003', 't032', '', '', 'TUSA', '', 'active', '00', '800', '9', '', '0000-00-00 00:00:00', '0000-00-00 00:00:00'),
('I20010117', 'TUSA - SP-170呼吸管 藍色', 'I0015.jpg', 'c003', 't032', '', '', 'TUSA', '', 'active', '00', '800', '15', '', '0000-00-00 00:00:00', '0000-00-00 00:00:00'),
('I20010118', 'MOBBY\'S - ACT APNEA COMPETITION 訂製款防寒衣 /3mm', 'C0001.jpg', 'c004', 't041', '防寒衣王者MOBBY\'S競技款， 日本代表隊指定選用。\n日本YAMAMOTO#45超柔軟橡膠，絕佳合身度與活動性。\n外層Repel Themo皮面，水阻更低、游動更滑順。\n內層Cell Skin水密性更好，於寒冷水域能長效保暖；穿脫建議搭配潤滑劑。\n日製高品質/專業選手級選擇\n*可依需求選擇一件式/二件式製作 \n*可加購客製化LOGO/字樣燙印服務(將視需求另行報價)\n*同步提供單獨訂製 : 頭套上衣$16,500/標準長褲$12,\n*下單後即提供預約量身', '氯丁橡膠', 'MOBBY\'S', '', 'active', '05', '27600', '7', '', '0000-00-00 00:00:00', '0000-00-00 00:00:00'),
('I20010119', 'MOBBY\'S - ACT APNEA ADVANCED 訂製款防寒衣 /3mm', 'C0002.jpg', 'c004', 't041', '防寒衣王者MOBBY\'S的高階量身訂製款式，絕佳合身與活動性 \n外層Smooth Skin皮面/內層Super Nesl彈性布料，低水阻、高水密性；輕鬆穿脫免潤滑劑\n日製高品質/晉身玩家級訂製款\n*可依需求選擇一件式/二件式製作 \n*可加購客製化LOGO/字樣燙印服務(將視需求另行報價)', '氯丁橡膠', 'MOBBY\'S', '', 'active', '05', '25500', '6', '', '0000-00-00 00:00:00', '0000-00-00 00:00:00'),
('I20010120', 'MOBBY\'S - 訂製款防寒衣 ACT APNEA 3mm', 'C0003.jpg', 'c004', 't041', '防寒衣王者MOBBY\'S的超值量身訂製款式，絕佳合身與水密 \n外層FHN彈性氯丁橡膠/內層CELL SKIN皮面材質，保暖更佳 \n日規高品質/晉身玩家級訂製款，輕鬆擁有 \n*可依需求選擇一件式/二件式製作 \n*同步提供單獨訂製:頭套上衣$9,500/標準長褲$8,500', '氯丁橡膠', 'MOBBY\'S', '', 'active', '05', '16800', '15', '', '0000-00-00 00:00:00', '0000-00-00 00:00:00'),
('I20010121', 'MOBBY\'S - 成衣款防寒衣 SHE\'S PIXY 3mm', 'C0004.jpg', 'c004', 't041', '防寒衣王者MOBBY\'S稀有成衣款式，限量供應\nA.C.T.動態剪裁科技，水中活動更自在\n日規高品質/高CP值，輕鬆擁有', '氯丁橡膠', 'MOBBY\'S', '', 'active', '06', '6800', '13', '', '0000-00-00 00:00:00', '0000-00-00 00:00:00'),
('I20010122', 'MOBBY\'S - 成衣款防寒衣 SHE\'S PIXY 3mm', 'C0004.jpg', 'c004', 't041', '防寒衣王者MOBBY\'S稀有成衣款式，限量供應\nA.C.T.動態剪裁科技，水中活動更自在\n日規高品質/高CP值，輕鬆擁有', '氯丁橡膠', 'MOBBY\'S', '', 'active', '07', '6800', '4', '', '0000-00-00 00:00:00', '0000-00-00 00:00:00'),
('I20010123', 'MOBBY\'S - 成衣款防寒衣 SHE\'S PIXY 3mm', 'C0004.jpg', 'c004', 't041', '防寒衣王者MOBBY\'S稀有成衣款式，限量供應\nA.C.T.動態剪裁科技，水中活動更自在\n日規高品質/高CP值，輕鬆擁有', '氯丁橡膠', 'MOBBY\'S', '', 'active', '08', '6800', '11', '', '0000-00-00 00:00:00', '0000-00-00 00:00:00'),
('I20010124', 'MOBBY\'S - 成衣款防寒衣 CABALLERO 3mm', 'C0005.jpg', 'c004', 't041', '防寒衣王者MOBBY\'S稀有成衣款式，限量供應\nA.C.T.動態剪裁科技，水中活動更自在\n日規高品質/高CP值，輕鬆擁有', '氯丁橡膠', 'MOBBY\'S', '', 'active', '06', '6800', '6', '', '0000-00-00 00:00:00', '0000-00-00 00:00:00'),
('I20010125', 'MOBBY\'S - 成衣款防寒衣 CABALLERO 3mm', 'C0005.jpg', 'c004', 't041', '防寒衣王者MOBBY\'S稀有成衣款式，限量供應\nA.C.T.動態剪裁科技，水中活動更自在\n日規高品質/高CP值，輕鬆擁有', '氯丁橡膠', 'MOBBY\'S', '', 'active', '07', '6800', '6', '', '0000-00-00 00:00:00', '0000-00-00 00:00:00'),
('I20010126', 'MOBBY\'S - 成衣款防寒衣 CABALLERO 3mm', 'C0005.jpg', 'c004', 't041', '防寒衣王者MOBBY\'S稀有成衣款式，限量供應\nA.C.T.動態剪裁科技，水中活動更自在\n日規高品質/高CP值，輕鬆擁有', '氯丁橡膠', 'MOBBY\'S', '', 'active', '08', '6800', '5', '', '0000-00-00 00:00:00', '0000-00-00 00:00:00'),
('I20010127', 'OMER - UP-W1 自由潛水防寒衣 2mm/UMBERTO大師系列', 'C0006.jpg', 'c004', 't041', '2mm厚度，溫帶水域輕鬆活動 \n光滑表面降低水阻，水中穿梭更靈活 \n布面內裡，穿脫容易無須潤滑劑 ', '氯丁橡膠', 'OMER', '', 'active', '06', '5980', '13', '', '0000-00-00 00:00:00', '0000-00-00 00:00:00'),
('I20010128', 'OMER - UP-W1 自由潛水防寒衣 2mm/UMBERTO大師系列', 'C0006.jpg', 'c004', 't041', '2mm厚度，溫帶水域輕鬆活動 \n光滑表面降低水阻，水中穿梭更靈活 \n布面內裡，穿脫容易無須潤滑劑 ', '氯丁橡膠', 'OMER', '', 'active', '07', '5980', '15', '', '0000-00-00 00:00:00', '0000-00-00 00:00:00'),
('I20010129', 'OMER - UP-W1 自由潛水防寒衣 2mm/UMBERTO大師系列', 'C0006.jpg', 'c004', 't041', '2mm厚度，溫帶水域輕鬆活動 \n光滑表面降低水阻，水中穿梭更靈活 \n布面內裡，穿脫容易無須潤滑劑 ', '氯丁橡膠', 'OMER', '', 'active', '08', '5980', '15', '', '0000-00-00 00:00:00', '0000-00-00 00:00:00'),
('I20010130', 'OMER - UP-W3 自由潛水防寒衣 2mm/女款/UMBERTO大師系列', 'C0007.jpg', 'c004', 't041', '2mm厚度，溫帶水域輕鬆活動 \n光滑表面降低水阻，水中穿梭更靈活 \n布面內裡，穿脫容易無須潤滑劑 ', '氯丁橡膠', 'OMER', '', 'active', '06', '8450', '10', '', '0000-00-00 00:00:00', '0000-00-00 00:00:00'),
('I20010131', 'OMER - UP-W3 自由潛水防寒衣 2mm/女款/UMBERTO大師系列', 'C0007.jpg', 'c004', 't041', '2mm厚度，溫帶水域輕鬆活動 \n光滑表面降低水阻，水中穿梭更靈活 \n布面內裡，穿脫容易無須潤滑劑 ', '氯丁橡膠', 'OMER', '', 'active', '07', '8450', '14', '', '0000-00-00 00:00:00', '0000-00-00 00:00:00'),
('I20010132', 'OMER - UP-W3 自由潛水防寒衣 2mm/女款/UMBERTO大師系列', 'C0007.jpg', 'c004', 't041', '2mm厚度，溫帶水域輕鬆活動 \n光滑表面降低水阻，水中穿梭更靈活 \n布面內裡，穿脫容易無須潤滑劑 ', '氯丁橡膠', 'OMER', '', 'active', '08', '8450', '2', '', '0000-00-00 00:00:00', '0000-00-00 00:00:00'),
('I20010133', 'SEAC - PYTHON 自潛防寒衣 3.5mm 岩石迷彩款', 'C0008.jpg', 'c004', 't042', '3.5mm厚度，溫帶水域活動自如 \n袖口/腳踝水密設計，保暖效果更加 \n高機能性，自由潛水/打魚都合適 ', '氯丁橡膠', 'SEAC', '', 'active', '06', '5880', '5', '', '0000-00-00 00:00:00', '0000-00-00 00:00:00'),
('I20010134', 'SEAC - PYTHON 自潛防寒衣 3.5mm 岩石迷彩款', 'C0008.jpg', 'c004', 't042', '3.5mm厚度，溫帶水域活動自如 \n袖口/腳踝水密設計，保暖效果更加 \n高機能性，自由潛水/打魚都合適 ', '氯丁橡膠', 'SEAC', '', 'active', '07', '5880', '8', '', '0000-00-00 00:00:00', '0000-00-00 00:00:00'),
('I20010135', 'SEAC - PYTHON 自潛防寒衣 3.5mm 岩石迷彩款', 'C0008.jpg', 'c004', 't042', '3.5mm厚度，溫帶水域活動自如 \n袖口/腳踝水密設計，保暖效果更加 \n高機能性，自由潛水/打魚都合適 ', '氯丁橡膠', 'SEAC', '', 'active', '08', '5880', '13', '', '0000-00-00 00:00:00', '0000-00-00 00:00:00'),
('I20010136', 'SEAC - RACE FLEX 400 自潛防寒衣 3.5mm 素黑款', 'C0009.jpg', 'c004', 't042', '3.5mm厚度，溫帶水域活動自如 \n袖口/腳踝水密設計，保暖效果更加 \n高機能性，自由潛水/打魚都合適 ', '氯丁橡膠', 'SEAC', '', 'active', '06', '5580', '12', '', '0000-00-00 00:00:00', '0000-00-00 00:00:00'),
('I20010137', 'SEAC - RACE FLEX 400 自潛防寒衣 3.5mm 素黑款', 'C0009.jpg', 'c004', 't042', '3.5mm厚度，溫帶水域活動自如 \n袖口/腳踝水密設計，保暖效果更加 \n高機能性，自由潛水/打魚都合適 ', '氯丁橡膠', 'SEAC', '', 'active', '07', '5580', '11', '', '0000-00-00 00:00:00', '0000-00-00 00:00:00'),
('I20010138', 'SEAC - RACE FLEX 400 自潛防寒衣 3.5mm 素黑款', 'C0009.jpg', 'c004', 't042', '3.5mm厚度，溫帶水域活動自如 \n袖口/腳踝水密設計，保暖效果更加 \n高機能性，自由潛水/打魚都合適 ', '氯丁橡膠', 'SEAC', '', 'active', '08', '5580', '2', '', '0000-00-00 00:00:00', '0000-00-00 00:00:00'),
('I20010139', 'SEAC - BODY-FIT CAMO SUIT自潛防寒衣 深水迷彩 1.5mm', 'C0010.jpg', 'c004', 't042', '1.5mm厚度，溫帶水域輕鬆活動 \n獨特深水色調迷彩配色，低調有型 \n高機能性，自由潛水/打魚都合適 ', '氯丁橡膠', 'SEAC', '', 'active', '06', '6180', '10', '', '0000-00-00 00:00:00', '0000-00-00 00:00:00'),
('I20010140', 'SEAC - BODY-FIT CAMO SUIT自潛防寒衣 深水迷彩 1.5mm', 'C0010.jpg', 'c004', 't042', '1.5mm厚度，溫帶水域輕鬆活動 \n獨特深水色調迷彩配色，低調有型 \n高機能性，自由潛水/打魚都合適 ', '氯丁橡膠', 'SEAC', '', 'active', '07', '6180', '13', '', '0000-00-00 00:00:00', '0000-00-00 00:00:00'),
('I20010141', 'SEAC - BODY-FIT CAMO SUIT自潛防寒衣 深水迷彩 1.5mm', 'C0010.jpg', 'c004', 't042', '1.5mm厚度，溫帶水域輕鬆活動 \n獨特深水色調迷彩配色，低調有型 \n高機能性，自由潛水/打魚都合適 ', '氯丁橡膠', 'SEAC', '', 'active', '08', '6180', '8', '', '0000-00-00 00:00:00', '0000-00-00 00:00:00'),
('I20010142', 'BARREL - Women\'s 3mm二件式防寒衣 素黑', 'C0011.jpg', 'c004', 't042', '高彈性綠丁橡膠-活動更方便\n亞洲人剪裁版型-著用更合身\n布面內裡-無須潤滑即可穿著', '氯丁橡膠', 'BARREL', '', 'active', '06', '9600', '14', '', '0000-00-00 00:00:00', '0000-00-00 00:00:00'),
('I20010143', 'OMER - CAMU 3D自潛防寒衣 仿岩石迷彩/3mm', 'C0012.jpg', 'c004', 't042', 'O.ME.R. 經典迷彩款 \n自由潛水/打魚最佳選擇', '氯丁橡膠', 'OMER', '', 'active', '06', '8850', '7', '', '0000-00-00 00:00:00', '0000-00-00 00:00:00'),
('I20010144', 'OMER - CAMU 3D自潛防寒衣 仿岩石迷彩/3mm', 'C0012.jpg', 'c004', 't042', 'O.ME.R. 經典迷彩款 \n自由潛水/打魚最佳選擇', '氯丁橡膠', 'OMER', '', 'active', '07', '8850', '4', '', '0000-00-00 00:00:00', '0000-00-00 00:00:00'),
('I20010145', 'OMER - CAMU 3D自潛防寒衣 仿岩石迷彩/3mm', 'C0012.jpg', 'c004', 't042', 'O.ME.R. 經典迷彩款 \n自由潛水/打魚最佳選擇', '氯丁橡膠', 'OMER', '', 'active', '08', '8850', '10', '', '0000-00-00 00:00:00', '0000-00-00 00:00:00'),
('I20010146', 'OMER - CAMU 3D自潛防寒衣 仿岩石迷彩/5mm', 'C0013.jpg', 'c004', 't042', 'O.ME.R. 經典迷彩款 \n自由潛水/打魚最佳選擇', '氯丁橡膠', 'OMER', '', 'active', '06', '10000', '10', '', '0000-00-00 00:00:00', '0000-00-00 00:00:00'),
('I20010147', 'OMER - CAMU 3D自潛防寒衣 仿岩石迷彩/5mm', 'C0013.jpg', 'c004', 't042', 'O.ME.R. 經典迷彩款 \n自由潛水/打魚最佳選擇', '氯丁橡膠', 'OMER', '', 'active', '07', '10000', '6', '', '0000-00-00 00:00:00', '0000-00-00 00:00:00'),
('I20010148', 'OMER - CAMU 3D自潛防寒衣 仿岩石迷彩/5mm', 'C0013.jpg', 'c004', 't042', 'O.ME.R. 經典迷彩款 \n自由潛水/打魚最佳選擇', '氯丁橡膠', 'OMER', '', 'active', '08', '10000', '14', '', '0000-00-00 00:00:00', '0000-00-00 00:00:00'),
('I20010149', 'SPORASUB - REEF CAMU自潛防寒衣 3D珊瑚海底地形偽裝迷彩 /3mm', 'C0014.jpg', 'c004', 't042', '提供潛打者極佳的3D隱身偽裝 \n自由潛水/打魚最佳選擇 ', '氯丁橡膠', 'SPORASUB', '', 'active', '06', '10800', '11', '', '0000-00-00 00:00:00', '0000-00-00 00:00:00'),
('I20010150', 'SPORASUB - REEF CAMU自潛防寒衣 3D珊瑚海底地形偽裝迷彩 /3mm', 'C0014.jpg', 'c004', 't042', '提供潛打者極佳的3D隱身偽裝 \n自由潛水/打魚最佳選擇 ', '氯丁橡膠', 'SPORASUB', '', 'active', '07', '10800', '8', '', '0000-00-00 00:00:00', '0000-00-00 00:00:00'),
('I20010151', 'SPORASUB - REEF CAMU自潛防寒衣 3D珊瑚海底地形偽裝迷彩 /3mm', 'C0014.jpg', 'c004', 't042', '提供潛打者極佳的3D隱身偽裝 \n自由潛水/打魚最佳選擇 ', '氯丁橡膠', 'SPORASUB', '', 'active', '08', '10800', '9', '', '0000-00-00 00:00:00', '0000-00-00 00:00:00'),
('I20010152', 'SPORASUB - SEA GREEN自潛防寒衣 海草地形偽裝迷彩 /3mm', 'C0015.jpg', 'c004', 't042', '海草地形偽裝迷彩 \n自由潛水/打魚最佳選擇 ', '氯丁橡膠', 'SPORASUB', '', 'active', '06', '10800', '14', '', '0000-00-00 00:00:00', '0000-00-00 00:00:00'),
('I20010153', 'SPORASUB - SEA GREEN自潛防寒衣 海草地形偽裝迷彩 /3mm', 'C0015.jpg', 'c004', 't042', '海草地形偽裝迷彩 \n自由潛水/打魚最佳選擇 ', '氯丁橡膠', 'SPORASUB', '', 'active', '07', '10800', '10', '', '0000-00-00 00:00:00', '0000-00-00 00:00:00'),
('I20010154', 'SPORASUB - SEA GREEN自潛防寒衣 海草地形偽裝迷彩 /3mm', 'C0015.jpg', 'c004', 't042', '海草地形偽裝迷彩 \n自由潛水/打魚最佳選擇 ', '氯丁橡膠', 'SPORASUB', '', 'active', '08', '10800', '13', '', '0000-00-00 00:00:00', '0000-00-00 00:00:00'),
('I20010155', 'SPORASUB - BLUE DEEP自潛防寒衣 海之隱者 /女款5mm', 'C0016.jpg', 'c004', 't042', '海洋迷彩幻化為海中隱者 \n自由潛水/打魚最佳選擇', '氯丁橡膠', 'SPORASUB', '', 'active', '06', '10800', '12', '', '0000-00-00 00:00:00', '0000-00-00 00:00:00'),
('I20010156', 'SPORASUB - BLUE DEEP自潛防寒衣 海之隱者 /女款5mm', 'C0016.jpg', 'c004', 't042', '海洋迷彩幻化為海中隱者 \n自由潛水/打魚最佳選擇', '氯丁橡膠', 'SPORASUB', '', 'active', '07', '10800', '3', '', '0000-00-00 00:00:00', '0000-00-00 00:00:00'),
('I20010157', 'SPORASUB - BLUE DEEP自潛防寒衣 海之隱者 /女款5mm', 'C0016.jpg', 'c004', 't042', '海洋迷彩幻化為海中隱者 \n自由潛水/打魚最佳選擇', '氯丁橡膠', 'SPORASUB', '', 'active', '08', '10800', '15', '', '0000-00-00 00:00:00', '0000-00-00 00:00:00'),
('I20010158', 'SPORASUB - YEMAYA自潛防寒衣 /女款3mm', 'C0017.jpg', 'c004', 't041', '低調奢華黑底金字設計\n連帽上衣+高腰褲，2件式設計\n內層Open Cell搭配外層彈性布料，兼具水密保暖與耐用度', '氯丁橡膠', 'SPORASUB', '', 'active', '08', '10600', '9', '', '0000-00-00 00:00:00', '0000-00-00 00:00:00'),
('I20010159', 'BESTDIVE -【經典滑面】1.5MM自由潛水比基尼防寒衣', 'C0018.jpg', 'c004', 't041', '經典滑面分體防寒衣，日本Yamamoto布料加上SCS技術與鈦合金塗層，\n不同於紡織面料的顯色效果，水下閃耀折射金屬光澤，拍照起來色彩飽和又炫麗\n布料柔韌有彈性、水下的超低阻力、極致貼身的舒適感受，\n如同您的第二層皮膚，讓您在肢體活動上能夠兼具靈活及保暖度！！\n也是許多自由潛水者的御用防寒衣', '氯丁橡膠', 'BESTDIVE', '', 'active', '06', '4800', '11', '', '0000-00-00 00:00:00', '0000-00-00 00:00:00'),
('I20010160', 'BESTDIVE -【經典滑面】1.5MM自由潛水比基尼防寒衣', 'C0018.jpg', 'c004', 't041', '經典滑面分體防寒衣，日本Yamamoto布料加上SCS技術與鈦合金塗層，\n不同於紡織面料的顯色效果，水下閃耀折射金屬光澤，拍照起來色彩飽和又炫麗\n布料柔韌有彈性、水下的超低阻力、極致貼身的舒適感受，\n如同您的第二層皮膚，讓您在肢體活動上能夠兼具靈活及保暖度！！\n也是許多自由潛水者的御用防寒衣', '氯丁橡膠', 'BESTDIVE', '', 'active', '07', '4800', '4', '', '0000-00-00 00:00:00', '0000-00-00 00:00:00'),
('I20010161', 'BESTDIVE -【經典滑面】1.5MM自由潛水比基尼防寒衣', 'C0018.jpg', 'c004', 't041', '經典滑面分體防寒衣，日本Yamamoto布料加上SCS技術與鈦合金塗層，\n不同於紡織面料的顯色效果，水下閃耀折射金屬光澤，拍照起來色彩飽和又炫麗\n布料柔韌有彈性、水下的超低阻力、極致貼身的舒適感受，\n如同您的第二層皮膚，讓您在肢體活動上能夠兼具靈活及保暖度！！\n也是許多自由潛水者的御用防寒衣', '氯丁橡膠', 'BESTDIVE', '', 'active', '08', '4800', '13', '', '0000-00-00 00:00:00', '0000-00-00 00:00:00'),
('I20010162', 'BESTDIVE -【經典滑面】1.5MM自由潛水無帽防寒衣', 'C0019.jpg', 'c004', 't042', '經典滑面分體防寒衣，日本Yamamoto布料加上SCS技術與鈦合金塗層，\n不同於紡織面料的顯色效果，水下閃耀折射金屬光澤，拍照起來色彩飽和又炫麗\n布料柔韌有彈性、水下的超低阻力、極致貼身的舒適感受，\n如同您的第二層皮膚，讓您在肢體活動上能夠兼具靈活及保暖度！！\n也是許多自由潛水者的御用防寒衣', '氯丁橡膠', 'BESTDIVE', '', 'active', '06', '7650', '11', '', '0000-00-00 00:00:00', '0000-00-00 00:00:00'),
('I20010163', 'BESTDIVE -【經典滑面】1.5MM自由潛水無帽防寒衣', 'C0019.jpg', 'c004', 't042', '經典滑面分體防寒衣，日本Yamamoto布料加上SCS技術與鈦合金塗層，\n不同於紡織面料的顯色效果，水下閃耀折射金屬光澤，拍照起來色彩飽和又炫麗\n布料柔韌有彈性、水下的超低阻力、極致貼身的舒適感受，\n如同您的第二層皮膚，讓您在肢體活動上能夠兼具靈活及保暖度！！\n也是許多自由潛水者的御用防寒衣', '氯丁橡膠', 'BESTDIVE', '', 'active', '07', '7650', '9', '', '0000-00-00 00:00:00', '0000-00-00 00:00:00'),
('I20010164', 'BESTDIVE -【經典滑面】1.5MM自由潛水無帽防寒衣', 'C0019.jpg', 'c004', 't042', '經典滑面分體防寒衣，日本Yamamoto布料加上SCS技術與鈦合金塗層，\n不同於紡織面料的顯色效果，水下閃耀折射金屬光澤，拍照起來色彩飽和又炫麗\n布料柔韌有彈性、水下的超低阻力、極致貼身的舒適感受，\n如同您的第二層皮膚，讓您在肢體活動上能夠兼具靈活及保暖度！！\n也是許多自由潛水者的御用防寒衣', '氯丁橡膠', 'BESTDIVE', '', 'active', '08', '7650', '7', '', '0000-00-00 00:00:00', '0000-00-00 00:00:00'),
('I20010165', 'AROPEC - 100%全超彈男款兩件式 3mm', 'C0020.jpg', 'c004', 't042', ' 跨帶式套頭長袖上衣，可額外搭配高腰長褲，兩件(截)式設計，提供穿脫便利性\n整件以膠合及盲縫製成，防止並減少水的滲入，提升保暖性\n皮面外層在水下的超低阻力、提供極致貼身的舒適感受，如同您的第二層皮膚，讓您在肢體活動上能夠兼具靈活及保暖度 \n光滑亮皮布面塗層技術，不同於紡織面料的顯色效果，水下閃耀折射金屬光澤，拍照起來色彩飽和又炫麗\n男性專屬緊身胸腰線剪裁，穿著活動時更加凸顯您的好身材', '氯丁橡膠', 'AROPEC', '', 'active', '06', '9900', '15', '', '0000-00-00 00:00:00', '0000-00-00 00:00:00'),
('I20010166', 'AROPEC - 100%全超彈男款兩件式 3mm', 'C0020.jpg', 'c004', 't042', ' 跨帶式套頭長袖上衣，可額外搭配高腰長褲，兩件(截)式設計，提供穿脫便利性\n整件以膠合及盲縫製成，防止並減少水的滲入，提升保暖性\n皮面外層在水下的超低阻力、提供極致貼身的舒適感受，如同您的第二層皮膚，讓您在肢體活動上能夠兼具靈活及保暖度 \n光滑亮皮布面塗層技術，不同於紡織面料的顯色效果，水下閃耀折射金屬光澤，拍照起來色彩飽和又炫麗\n男性專屬緊身胸腰線剪裁，穿著活動時更加凸顯您的好身材', '氯丁橡膠', 'AROPEC', '', 'active', '07', '9900', '8', '', '0000-00-00 00:00:00', '0000-00-00 00:00:00'),
('I20010167', 'AROPEC - 100%全超彈男款兩件式 3mm', 'C0020.jpg', 'c004', 't042', ' 跨帶式套頭長袖上衣，可額外搭配高腰長褲，兩件(截)式設計，提供穿脫便利性\n整件以膠合及盲縫製成，防止並減少水的滲入，提升保暖性\n皮面外層在水下的超低阻力、提供極致貼身的舒適感受，如同您的第二層皮膚，讓您在肢體活動上能夠兼具靈活及保暖度 \n光滑亮皮布面塗層技術，不同於紡織面料的顯色效果，水下閃耀折射金屬光澤，拍照起來色彩飽和又炫麗\n男性專屬緊身胸腰線剪裁，穿著活動時更加凸顯您的好身材', '氯丁橡膠', 'AROPEC', '', 'active', '08', '9900', '5', '', '0000-00-00 00:00:00', '0000-00-00 00:00:00'),
('I20010168', 'V.DIVE - Neobella 前開拉鍊 特別款 3mm', 'C0021.jpg', 'c004', 't041', '前開式拉鍊” 定制款 獨家細節 “粉紅拉鏈”\n穿脫更為方便的特別款， 內部：防水膠縫100%水\n彈性纖維的延伸性伸張度達600%', '氯丁橡膠', 'V.DIVE', '', 'active', '06', '5150', '9', '', '0000-00-00 00:00:00', '0000-00-00 00:00:00'),
('I20010169', 'V.DIVE - Neobella 前開拉鍊 特別款 3mm', 'C0021.jpg', 'c004', 't041', '前開式拉鍊” 定制款 獨家細節 “粉紅拉鏈”\n穿脫更為方便的特別款， 內部：防水膠縫100%水\n彈性纖維的延伸性伸張度達600%', '氯丁橡膠', 'V.DIVE', '', 'active', '07', '5150', '9', '', '0000-00-00 00:00:00', '0000-00-00 00:00:00'),
('I20010170', 'V.DIVE - Neobella 前開拉鍊 特別款 3mm', 'C0021.jpg', 'c004', 't041', '前開式拉鍊” 定制款 獨家細節 “粉紅拉鏈”\n穿脫更為方便的特別款， 內部：防水膠縫100%水\n彈性纖維的延伸性伸張度達600%', '氯丁橡膠', 'V.DIVE', '', 'active', '08', '5150', '2', '', '0000-00-00 00:00:00', '0000-00-00 00:00:00'),
('I20010171', 'V.DIVE - Ultra V flex 特級彈-BBL 3mm', 'C0022.jpg', 'c004', 't041', '脖頸軟皮加強舒適度\n銅拉鍊扣頭強度增加\nV.DIVE logo 尼龍織帶線繩', '氯丁橡膠', 'V.DIVE', '', 'active', '06', '6980', '6', '', '0000-00-00 00:00:00', '0000-00-00 00:00:00'),
('I20010172', 'V.DIVE - Ultra V flex 特級彈-BBL 3mm', 'C0022.jpg', 'c004', 't041', '脖頸軟皮加強舒適度\n銅拉鍊扣頭強度增加\nV.DIVE logo 尼龍織帶線繩', '氯丁橡膠', 'V.DIVE', '', 'active', '07', '6980', '12', '', '0000-00-00 00:00:00', '0000-00-00 00:00:00'),
('I20010173', 'V.DIVE - Ultra V flex 特級彈-BBL 3mm', 'C0022.jpg', 'c004', 't041', '脖頸軟皮加強舒適度\n銅拉鍊扣頭強度增加\nV.DIVE logo 尼龍織帶線繩', '氯丁橡膠', 'V.DIVE', '', 'active', '08', '6980', '11', '', '0000-00-00 00:00:00', '0000-00-00 00:00:00'),
('I20010174', 'Beuchat - ZENTO 2mm 男款自由潛水防寒衣', 'C0023.jpg', 'c004', 't041', '新的特定Beuchat樣式專為自由潛水或戶外游泳而設計\n完全防水的材質\n氯丁橡膠面板採用邊對邊粘合，內部包縫\n流體動力學：外觀光滑，可降低水的製動係數，確保極佳的平穩潛水\n貼合身體的裁切方式使得可以更容易移動', '氯丁橡膠', 'Beuchat', '', 'active', '06', '8800', '2', '', '0000-00-00 00:00:00', '0000-00-00 00:00:00'),
('I20010175', 'Beuchat - ZENTO 2mm 男款自由潛水防寒衣', 'C0023.jpg', 'c004', 't041', '新的特定Beuchat樣式專為自由潛水或戶外游泳而設計\n完全防水的材質\n氯丁橡膠面板採用邊對邊粘合，內部包縫\n流體動力學：外觀光滑，可降低水的製動係數，確保極佳的平穩潛水\n貼合身體的裁切方式使得可以更容易移動', '氯丁橡膠', 'Beuchat', '', 'active', '07', '8800', '4', '', '0000-00-00 00:00:00', '0000-00-00 00:00:00'),
('I20010176', 'Beuchat - ZENTO 2mm 男款自由潛水防寒衣', 'C0023.jpg', 'c004', 't041', '新的特定Beuchat樣式專為自由潛水或戶外游泳而設計\n完全防水的材質\n氯丁橡膠面板採用邊對邊粘合，內部包縫\n流體動力學：外觀光滑，可降低水的製動係數，確保極佳的平穩潛水\n貼合身體的裁切方式使得可以更容易移動', '氯丁橡膠', 'Beuchat', '', 'active', '08', '8800', '2', '', '0000-00-00 00:00:00', '0000-00-00 00:00:00'),
('I20010177', 'Beuchat - OPTIMA 3mm 男款防寒衣', 'C0024.jpg', 'c004', 't041', 'Beuchat質量和工藝體現在細緻的細節\n氯丁橡膠面板採用邊對邊粘合，內部/外部包縫\n更舒適，更自由的運動\nElaskin X 6.4拉伸氯丁橡膠，具有極佳的活動自由度', '氯丁橡膠', 'Beuchat', '', 'active', '07', '4980', '15', '', '0000-00-00 00:00:00', '0000-00-00 00:00:00'),
('I20010178', 'GULL - CLASSIC SKIN LONG JOHN 男款無袖防寒衣3mm', 'C0025.jpg', 'c004', 't041', '全新彈性特佳的skin材質製成，脫著容易，遠紅外線材質有特有的發熱效果。\n3MM，無論在水下，陸地上都提供您最佳防寒保暖效果。', '氯丁橡膠', 'GULL', 'S20010001', 'active', '07', '6200', '7', '', '0000-00-00 00:00:00', '0000-00-00 00:00:00'),
('I20010179', 'GULL - CLASSIC SKIN TOPPERⅡ 男款皮面上衣 3mm', 'C0026.jpg', 'c004', 't042', '全新彈性特佳的skin材質製成，脫著容易，遠紅外線材質有特有的發熱效果。\n3MM，無論在水下，陸地上都提供您最佳防寒保暖效果。', '氯丁橡膠', 'GULL', 'S20010001', 'hold', '00', '4000', '2', '', '0000-00-00 00:00:00', '0000-00-00 00:00:00'),
('I20010180', 'GULL - 2019 CLASSIC SKIN TOPPER  男款皮面上衣 3mm', 'C0027.jpg', 'c004', 't042', '全新彈性特佳的skin材質製成，脫著容易，遠紅外線材質有特有的發熱效果。\n3MM，無論在水下，陸地上都提供您最佳防寒保暖效果。', '氯丁橡膠', 'GULL', 'S20010001', 'active', '07', '4000', '11', '', '0000-00-00 00:00:00', '0000-00-00 00:00:00'),
('I20010181', 'SCUBAPRO - DEFINITION 3mm 男款防寒衣', 'C0028.jpg', 'c004', 't041', 'Definition 3毫米採用了所有在5毫米版本上一致的優良構造和材料，以及包括用特殊的剪裁來製作像皮膚一樣貼身的濕衣，同時在有需要的地方提供了更多的拉伸性能。這件濕衣提供了所有溫暖水域的潛水員都會喜歡的保暖和舒適感水平。', '氯丁橡膠', 'SCUBAPRO', '', 'active', '06', '7500', '3', '', '0000-00-00 00:00:00', '0000-00-00 00:00:00'),
('I20010182', 'SCUBAPRO - DEFINITION 3mm 男款防寒衣', 'C0028.jpg', 'c004', 't041', 'Definition 3毫米採用了所有在5毫米版本上一致的優良構造和材料，以及包括用特殊的剪裁來製作像皮膚一樣貼身的濕衣，同時在有需要的地方提供了更多的拉伸性能。這件濕衣提供了所有溫暖水域的潛水員都會喜歡的保暖和舒適感水平。', '氯丁橡膠', 'SCUBAPRO', '', 'active', '07', '7500', '5', '', '0000-00-00 00:00:00', '0000-00-00 00:00:00'),
('I20010183', 'SCUBAPRO - DEFINITION 3mm 男款防寒衣', 'C0028.jpg', 'c004', 't041', 'Definition 3毫米採用了所有在5毫米版本上一致的優良構造和材料，以及包括用特殊的剪裁來製作像皮膚一樣貼身的濕衣，同時在有需要的地方提供了更多的拉伸性能。這件濕衣提供了所有溫暖水域的潛水員都會喜歡的保暖和舒適感水平。', '氯丁橡膠', 'SCUBAPRO', '', 'active', '08', '7500', '6', '', '0000-00-00 00:00:00', '0000-00-00 00:00:00'),
('I20010184', 'SCUBAPRO - Everflex 男款長袖上衣 1.5mm', 'C0029.jpg', 'c004', 't042', '高品質1.5mm EVERFLEX 氯丁橡膠，保暖舒適，耐用。\n高度多功能 - 非常適合潛水員，潛水員，槳手，游泳者和其他水上運動愛好者。\n獨特的造型讓你溫暖，保護。\n適合流暢的流體動力外觀和感覺。\n舒適，柔軟的襯裡更加舒適。　', '氯丁橡膠', 'SCUBAPRO', '', 'active', '07', '5700', '5', '', '0000-00-00 00:00:00', '0000-00-00 00:00:00'),
('I20010185', 'SCUBAPRO - Everflex Pants 男款長褲 1.5mm', 'C0030.jpg', 'c004', 't042', '高品質1.5mm EVERFLEX 氯丁橡膠，保暖舒適，耐用。\n高度多功能 - 非常適合潛水員，潛水員，槳手，游泳者和其他水上運動愛好者。\n獨特的造型讓你溫暖，保護。\n適合流暢的流體動力外觀和感覺。\n舒適，柔軟的襯裡更加舒適。　', '氯丁橡膠', 'SCUBAPRO', '', 'active', '07', '5100', '11', '', '0000-00-00 00:00:00', '0000-00-00 00:00:00'),
('I20010186', 'GULL - CLASSIC SKIN TOPPER  女款皮面上衣 3mm', 'C0031.jpg', 'c004', 't042', '全新彈性特佳的skin材質製成，脫著容易，遠紅外線材質有特有的發熱效果。\n3MM，無論在水下，陸地上都提供您最佳防寒保暖效果。', '氯丁橡膠', 'GULL', 'S20010001', 'active', '07', '4000', '6', '', '0000-00-00 00:00:00', '0000-00-00 00:00:00'),
('I20010187', 'GULL - CLASSIC SKIN TOPPERⅡ  女款圓領皮面上衣 3mm', 'C0032.jpg', 'c004', 't042', '全新彈性特佳的skin材質製成，脫著容易，遠紅外線材質有特有的發熱效果。\n3MM，無論在水下，陸地上都提供您最佳防寒保暖效果。', '氯丁橡膠', 'GULL', 'S20010001', 'active', '07', '4300', '10', '', '0000-00-00 00:00:00', '0000-00-00 00:00:00'),
('I20010188', 'ION - Neo Zip Top Women CSK 皮面拉鍊全開型', 'C0033.jpg', 'c004', 't042', '前拉鍊開口-全開式\n超彈性防寒衣材質\n內層有保暖刷毛\n2mm厚度', '氯丁橡膠', 'ION', '', 'active', '06', '4500', '7', '', '0000-00-00 00:00:00', '0000-00-00 00:00:00'),
('I20010189', 'ION - Neo Zip Top Women CSK 皮面拉鍊全開型', 'C0033.jpg', 'c004', 't042', '前拉鍊開口-全開式\n超彈性防寒衣材質\n內層有保暖刷毛\n2mm厚度', '氯丁橡膠', 'ION', '', 'active', '07', '4500', '3', '', '0000-00-00 00:00:00', '0000-00-00 00:00:00'),
('I20010190', 'ION - Neo Zip Top Women 皮面拉鍊半開型', 'C0034.jpg', 'c004', 't042', '前拉鍊開口-半開式\n超彈性防寒衣材質\n1.5mm厚度', '氯丁橡膠', 'ION', '', 'active', '06', '4100', '8', '', '0000-00-00 00:00:00', '0000-00-00 00:00:00'),
('I20010191', 'ION - Neo Zip Top Women 皮面拉鍊半開型', 'C0034.jpg', 'c004', 't042', '前拉鍊開口-半開式\n超彈性防寒衣材質\n1.5mm厚度', '氯丁橡膠', 'ION', '', 'active', '07', '4100', '6', '', '0000-00-00 00:00:00', '0000-00-00 00:00:00'),
('I20010192', 'ION - Jewel Amp Semidry Women 5mm', 'C0035.jpg', 'c004', 't041', '前拉鍊開口\n採用130%超彈性布料\n採用盲縫法接合\n內層有大面積保暖刷毛 (看內層照片)\n內層部份縫合處有縫線保護貼條', '氯丁橡膠', 'ION', '', 'active', '06', '12300', '4', '', '0000-00-00 00:00:00', '0000-00-00 00:00:00'),
('I20010193', 'ION - Jewel Amp Semidry Women 5mm', 'C0035.jpg', 'c004', 't041', '前拉鍊開口\n採用130%超彈性布料\n採用盲縫法接合\n內層有大面積保暖刷毛 (看內層照片)\n內層部份縫合處有縫線保護貼條', '氯丁橡膠', 'ION', '', 'active', '07', '12300', '15', '', '0000-00-00 00:00:00', '0000-00-00 00:00:00'),
('I20010194', 'ION - Jewel Amp Semidry Women 5mm', 'C0035.jpg', 'c004', 't041', '前拉鍊開口\n採用130%超彈性布料\n採用盲縫法接合\n內層有大面積保暖刷毛 (看內層照片)\n內層部份縫合處有縫線保護貼條', '氯丁橡膠', 'ION', '', 'active', '08', '12300', '14', '', '0000-00-00 00:00:00', '0000-00-00 00:00:00'),
('I20010195', 'GUL -L CLASSIC SKIN LONG JOHN 女款無袖防寒衣 3mm', 'C0036.jpg', 'c004', 't041', '全新彈性特佳的skin材質製成，脫著容易，遠紅外線材質有特有的發熱效果。\n3MM，無論在水下，陸地上都提供您最佳防寒保暖效果。', '氯丁橡膠', 'GULL', '', 'active', '07', '6200', '11', '', '0000-00-00 00:00:00', '0000-00-00 00:00:00');
INSERT INTO `items` (`itemId`, `itemName`, `itemImg`, `itemCategoryId`, `itemTypeId`, `itemDescription`, `itemMaterial`, `itemBrandId`, `itemSellerId`, `itemStatus`, `itemSize`, `itemPrice`, `itemQty`, `itemcoup_id`, `created_at`, `updated_at`) VALUES
('I20010196', 'SCUBAPRO - DEFINITION 3mm 女款防寒衣', 'C0037.jpg', 'c004', 't041', 'Definition 3毫米採用了所有在5毫米版本上一致的優良構造和材料，以及包括用特殊的剪裁來製作像皮膚一樣貼身的濕衣，同時在有需要的地方提供了更多的拉伸性能。這件濕衣提供了所有溫暖水域的潛水員都會喜歡的保暖和舒適感水平。', '氯丁橡膠', 'SCUBAPRO', '', 'active', '06', '7500', '13', '', '0000-00-00 00:00:00', '0000-00-00 00:00:00'),
('I20010197', 'SCUBAPRO - DEFINITION 3mm 女款防寒衣', 'C0037.jpg', 'c004', 't041', 'Definition 3毫米採用了所有在5毫米版本上一致的優良構造和材料，以及包括用特殊的剪裁來製作像皮膚一樣貼身的濕衣，同時在有需要的地方提供了更多的拉伸性能。這件濕衣提供了所有溫暖水域的潛水員都會喜歡的保暖和舒適感水平。', '氯丁橡膠', 'SCUBAPRO', '', 'active', '07', '7500', '12', '', '0000-00-00 00:00:00', '0000-00-00 00:00:00'),
('I20010198', 'Beuchat - ALIZE 5mm 女款防寒衣', 'C0038.jpg', 'c004', 't041', '卓越的Beuchat精密質量\nBeuchat質量和工藝體現在細緻的細節\n氯丁橡膠面板採用邊對邊粘合，內部/外部包縫\n更舒適，更自由的運動\nElaskin X 6.4拉伸氯丁橡膠，具有極佳的活動自由度', '氯丁橡膠', 'Beuchat', '', 'active', '07', '8500', '4', '', '0000-00-00 00:00:00', '0000-00-00 00:00:00'),
('I20010199', 'BARREL - ONE ARM JACKET AMAZON 2mm 雙色女款防寒上衣', 'C0039.jpg', 'c004', 't042', '優質氯丁橡膠製成\n更舒適，更自由的運動', '氯丁橡膠', 'BARREL', '', 'active', '07', '4200', '6', '', '0000-00-00 00:00:00', '0000-00-00 00:00:00'),
('I20010200', 'BARREL - PLUMA JACKET V2 FEATHER 2mm 女款防寒衣', 'C0040.jpg', 'c004', 't042', '優質氯丁橡膠製成\n更舒適，更自由的運動', '氯丁橡膠', 'BARREL', '', 'active', '07', '4200', '7', '', '0000-00-00 00:00:00', '0000-00-00 00:00:00'),
('I20010201', 'OMER - 橡膠配重腰帶 不鏽鋼針扣', 'I000800.jpg', 'c005', 't052', '來自義大利的OMER是一專業水中運動裝備品牌，\n長期與自由潛水選手/資深打魚人合作，\n不斷的改進與研發讓OMER擁有齊全的產品線，\n如今已跨足歐洲、美洲、亞洲、大洋洲...等各國，\n為國際知名的自由潛水/水下漁獵裝備品牌。\n天然橡膠材質帶身，兼具韌性與彈性\n總長度145cm；不鏽鋼材質針扣頭', '', 'OMER', '', 'active', '00', '1000', '6', '', '0000-00-00 00:00:00', '0000-00-00 00:00:00'),
('I20010202', 'OMER - 配重背心用鉛片 500g', 'I000900.jpg', 'c005', 't052', '配重背心用鉛片，有助於上半身重心均衡分配 \n每個500g；可依重量需求選擇數量', '', 'OMER', '', 'active', '00', '500', '2', '', '0000-00-00 00:00:00', '0000-00-00 00:00:00'),
('I20010203', 'ALCHEMY - 高階矽膠配重腰帶 厚度3mm/塑膠板扣', 'I001000.jpg', 'c005', 't052', '高彈性矽膠材質帶身，強韌舒適\n總長度150cm；塑膠板扣固定', '', 'ALCHEMY', '', 'active', '00', '1500', '9', '', '0000-00-00 00:00:00', '0000-00-00 00:00:00'),
('I20010204', 'IST - FD-BUOY 自由潛水專用浮球組', 'I0001.jpg', 'c005', 't051', '獨家採用技術潛水氣囊設計概念，克服圓形車縫拉鍊問題，外袋完整包覆內胎不外露，不只美觀更能有效避免過充及內胎日曬後造成的變形\n上掀式YKK雙拉鍊，任何角度都方便開啟，內部13.7L大空間，可收納所有裝備\n外袋氣囊皆採用與技術潛水氣囊同級的600D環保PU塗層聚酯纖維布料，堅韌耐磨又輕量(經向拉力: 75kg/平方吋; 緯向拉力: 45kg/平方吋)\n車縫線採用尼龍邦迪線，拉力高、耐磨性好、且縮水率低，擁有彈性適度、縫跡平整等優點，材質特性耐高溫、不伸縮、不脫色、不斷線、不起毛、且防水防霉。\n橡膠內胎設計，更穩固耐久\n後背帶設計，輕鬆背負且可騰出雙手\n底部四個不銹鋼企眼，排水方便；另有兩個2”(Ø6mm)不銹鋼D-ring方便固定繩索\n內裡加車一個2”(Ø5mm)不銹鋼D-ring，方便收納固定潛導繩\n側邊增加3個D-ring，方便連接其他浮球或吊掛配件\n採用同浮力調整背心(BCD)規格之把手(2個)，符合人體工學好抓握，強韌織帶確保牢靠繫於浮球上\n另有四個PP織帶把手，織帶先紗染再織，顏色均勻也較尼龍環保, 特別加寬至5cm更能輕鬆抓握\n附快速充氣接頭(N-8)', '', 'IST', '', 'active', '00', '9980', '14', '', '0000-00-00 00:00:00', '0000-00-00 00:00:00'),
('I20010205', '2 B FREE - 大型浮球', 'I0002.jpg', 'c005', 't051', '由烏克蘭籍的自潛選手/世界紀錄保持人Bubenchikov Alexander所創辦的2 B FREE Freediving Equipment是個相當年輕的裝備品牌；Alexander本身除締多項優異的成績(STA靜態閉氣項目9mins/DYN動態平潛項目289m)；對於自潛員訓練/競賽的需求、AIDA賽制規範也相當熟悉，這些都是2 B FREE在商品設計上的優勢，強韌、輕巧，如果您希望裝備更加實用、耐用與美型，2 B FREE 您的好選擇。', '', '2 B FREE', 'S20010001', 'active', '00', '6480', '8', '', '0000-00-00 00:00:00', '0000-00-00 00:00:00'),
('I20010206', 'APNEAUTIC - 自由潛水浮球外層', 'I0003.jpg', 'c005', 't051', '來自捷克的APNEAUTIC為東歐知名自由潛水裝備品牌，從自製長蛙鞋裝備袋、鼻夾開始，如今擁有一系列完整的產品線，經銷商擴及歐、亞、非、南美洲等地；不斷地研發與改良，讓更多熱愛大海的朋友享有更專業的裝備，安全的從事自由潛水、往更深的領域邁進。', '', 'APNEAUTIC', '', 'active', '00', '4270', '11', '', '0000-00-00 00:00:00', '0000-00-00 00:00:00'),
('I20010207', 'MARES - TRAINING BUOY', 'I0004.jpg', 'c005', 't051', '', '', 'MARES', '', 'active', '00', '4800', '12', '', '0000-00-00 00:00:00', '0000-00-00 00:00:00'),
('I20010208', 'OMER - UP-AC1 Lanyard', 'I0005.jpg', 'c005', 't053', '', '', 'OMER', '', 'active', '00', '1650', '5', '', '0000-00-00 00:00:00', '0000-00-00 00:00:00'),
('I20010209', 'IST - 防水袋 40L', 'F000703.jpg', 'c005', 't054', '', '', 'IST', '', 'active', '00', '900', '14', '', '0000-00-00 00:00:00', '0000-00-00 00:00:00'),
('I20010210', 'IST - 防水袋 20L', 'F000802.jpg', 'c005', 't054', '', '', 'IST', '', 'active', '00', '900', '12', '', '0000-00-00 00:00:00', '0000-00-00 00:00:00'),
('I20010211', 'SCUBAPRO - DIVE\'N ROLL LIGHT 二合一裝備箱', 'F002300.jpg', 'c005', 't054', '', '', 'SCUBAPRO', '', 'active', '00', '8000', '9', '', '0000-00-00 00:00:00', '0000-00-00 00:00:00'),
('I20010212', 'BEUCHAT - EXPLORER ROLL 長蛙拖輪袋', 'F002700.jpg', 'c005', 't054', '', '', 'BEUCHAT ', '', 'active', '00', '6200', '10', '', '0000-00-00 00:00:00', '0000-00-00 00:00:00'),
('I20010213', 'IST - BG01 加長型裝備袋', 'F003700.jpg', 'c005', 't054', '', '', 'IST', '', 'active', '00', '1800', '13', '', '0000-00-00 00:00:00', '0000-00-00 00:00:00'),
('I20010214', 'MARES - Attack Fins Bag 長蛙鞋背袋', 'F003800.jpg', 'c005', 't054', '', '', 'MARES', '', 'active', '00', '1800', '11', '', '0000-00-00 00:00:00', '0000-00-00 00:00:00'),
('I20010215', 'C4 - TOP BAG 後背包', 'I0007.jpg', 'c005', 't054', '', '', 'C4', '', 'active', '00', '1950', '11', '', '0000-00-00 00:00:00', '0000-00-00 00:00:00'),
('I20010216', 'LEADERFINS - 基本款長蛙鞋袋', 'I0008.jpg', 'c005', 't054', '', '', 'LEADERFINS', '', 'active', '00', '850', '15', '', '0000-00-00 00:00:00', '0000-00-00 00:00:00'),
('I20010217', 'SUUNTO - D5 黑錶帶', 'D000100.jpg', 'c006', 't061', '高對比度彩色屏幕，清晰易讀 \n簡潔的選單/按鍵，直觀易上手 \n與Suunto Tank POD配對，即可於銀幕瞭解瓶壓 \n可無線連接Suunto App，重溫探險活動與好友分享 \n錶帶隨換，配搭更型 .', '', 'SUNNTO', '', 'active', '00', '24000', '9', '', '0000-00-00 00:00:00', '2020-03-26 11:30:04'),
('I20010218', 'SUUNTO - D5 萊姆綠錶帶', 'D000200.jpg', 'c006', 't061', '高對比度彩色屏幕，清晰易讀 \n簡潔的選單/按鍵，直觀易上手 \n與Suunto Tank POD配對，即可於銀幕瞭解瓶壓 \n可無線連接Suunto App，重溫探險活動與好友分享 \n錶帶隨換，配搭更型 .', '', 'SUNNTO', '', 'active', '00', '24000', '12', '', '0000-00-00 00:00:00', '2020-03-26 11:30:04'),
('I20010219', 'SUUNTO - D5 金屬原色錶圈', 'D000300.jpg', 'c006', 't061', '高對比度彩色屏幕，清晰易讀 \n簡潔的選單/按鍵，直觀易上手\n與Suunto Tank POD配對，即可於銀幕瞭解瓶壓 \n可無線連接Suunto App，重溫探險活動與好友分享 \n錶帶隨換，搭配更型 ', '', 'SUNNTO', '', 'active', '00', '21000', '10', '', '0000-00-00 00:00:00', '2020-03-26 11:30:04'),
('I20010220', 'SUUNTO - D4F BLACK ', 'D000400.jpg', 'c006', 't061', '適合自由潛水/浮潛/魚獵的專業潛水電腦\n自由潛水模式\n創新的閉氣計時器\n碼錶計時\n最深100 米（328 英尺）防水\n易於閱讀的矩陣顯示屏\n礦物水晶玻璃和不銹鋼表圈\nSuunto DM5軟件，可在PC/Mac上詳細記錄圖形日誌和潛水數據（USB線纜單獨出售）', '', 'SUNNTO', '', 'active', '00', '12000', '11', '', '0000-00-00 00:00:00', '2020-03-26 11:30:04'),
('I20010221', 'OMER - UP-X1R ', 'D000500.jpg', 'c006', 't061', '型格外觀-碳纖維錶框，賽車運動錶般高質感 \n便利性-可充電式潛水電腦錶/USB資料傳輸 \n精準度-附心律感測帶，精準紀錄體能狀況\n來自義大利的OMER是一專業水中運動裝備品牌，長期與自由潛水選手/資深打魚人合作，不斷的改進與研發讓OMER擁有齊全的產品線，如今已跨足歐洲、美洲、亞洲、大洋洲...等各國，為國際知名的自由潛水/水下漁獵裝備品牌。\n', '', 'OMER', '', 'active', '00', '11000', '14', '', '0000-00-00 00:00:00', '2020-03-26 11:30:04'),
('I20010222', 'DIVE SYSTEM - IDIVE FREE 自由潛水電腦表', 'D000600.jpg', 'c006', 't061', 'DIVE SYSTEM的 iDive Free潛水電腦錶，除了造型、螢幕介面、減壓運算、和3D指北針亮眼的表現以外，還跨足了有氧運動、野外登山、金屬探測、潮汐、動作分析、氧氣分析顯示、與更新等功能，遠遠超過大家對休閒電腦錶的認知和想像 !\nUSB 充電 \n潛水模式下可用 25 小時 \n手錶模式下可用 2 個月 \n休息模式下可達 6 個月', '', 'DIVE SYSTEM', '', 'active', '00', '32000', '14', '', '0000-00-00 00:00:00', '2020-03-26 11:30:04'),
('I20010223', 'GARMIN - QUICKFIT 26mm 石板灰不鏽鋼錶帶 /DESCENT MK1適用', 'D000700.jpg', 'c006', 't061', '石板灰不鏽鋼錶帶，秀出你獨到的品味 \nQUICKFIT™快拆式錶帶-一秒即可拆卸，迅速轉換各種風格，輕鬆/簡單/時尚 \n*本錶帶規格為26mm，適用如DESCENT MK1、fenix 3、fenix 5X、D2等款式', '', 'GARMIN', '', 'active', '00', '5500', '7', '', '0000-00-00 00:00:00', '2020-03-26 11:30:04'),
('I20010224', 'GARMIN - Descent MK1 GPS潛水電腦錶', 'D000900.jpg', 'c006', 't061', '為探索湛藍海洋而生。深邃美麗的水底，Descent Mk1陪你盡情徜徉、專注探索。\n全球獨家入水點、出水點GPS自動標記\n1；多種專業 模式涵蓋單一氣體潛水、混合氣體潛水、儀錶潛水、自由潛水、\n自由潛水捕獵等，\n全方位滿足入門及進階潛水者需求。三軸電子羅盤 辨別方位；\n所有下潛行為自動偵測記錄；\n搭配BühlmannZHL-16C演算法，免減壓保守值、警示音或振動方式皆可自訂，\n精準掌握每 次探索', '', 'GARMIN', '', 'active', '00', '30000', '15', '', '0000-00-00 00:00:00', '2020-03-26 11:30:04'),
('I20010225', 'MARES - Smart', 'D001000.jpg', 'c006', 't061', '产品特点：\n夏普和清晰的显示效果,完美的人体工程学和用户友好性\n所有的多面手能够多气和自由潜水\n混合气体：2,EAN（氮氧）从21％至99％的\n用户控制：2个按钮,指南针：无,显示屏和按钮：\n智能复制普克临的出色的显示效果，增加一个额外的按钮\n所有的按键都重新定位到一边，全部打包成一个更苗条的轮廓\n表面上的调整氮氧设置或查看日志轻松\n智能的两粒扣系统易于浏览和逻辑的潜水模式，\n其中，上按钮修改显示的最上面一行，而下面的按钮，通过右下角交替显示切换。\n它是一种非常直观的系统\n带背光，是非常容易阅读的黑暗和明亮的阳光\n深度信息\n水下，你可以管理备用深度信息，完全独立于底层行中显示的辅助信息。', '', 'MARES', '', 'active', '00', '6000', '13', '', '0000-00-00 00:00:00', '2020-03-26 11:30:04'),
('I20010226', 'IST - K-02', 'I001100.jpg', 'c006', 't062', '', '', 'IST', '', 'active', '00', '1500', '3', '', '0000-00-00 00:00:00', '2020-03-26 11:32:47'),
('I20010227', 'IST - K-11', 'I001200.jpg', 'c006', 't062', '', '', 'IST', '', 'active', '00', '1500', '6', '', '0000-00-00 00:00:00', '2020-03-26 11:32:55'),
('I20010228', 'IST - K-21', 'I001300.jpg', 'c006', 't062', '', '', 'IST', '', 'active', '00', '1500', '12', '', '0000-00-00 00:00:00', '2020-03-26 11:33:00'),
('I20010229', 'IST - K-22', 'I001400.jpg', 'c006', 't062', '', '', 'IST', '', 'active', '00', '1200', '7', '', '0000-00-00 00:00:00', '2020-03-26 11:33:04'),
('I20010230', 'GoPro - HERO7 Black', 'G000100.jpg', 'c006', 't063', '如同裝了三軸穩定器的流暢影片。智慧拍攝超能力，自動拍出最精美相片。\n堅固耐用經實測，無保護殼也防水。\n這就是 GoPro 有史以來最先進的機型：HERO7 Black。', '', 'GoPro', '', 'active', '00', '12000', '14', '', '0000-00-00 00:00:00', '2020-03-26 11:31:45'),
('I20010231', 'GoPro - HERO8 Black', 'G000200.jpg', 'c006', 't063', '超強穩定功能，有史以來手持最穩定的HERO相機。\nHypersmooth2.0、縮時攝影2.0、超級相片及Live Burst功能\n讓你創造攝影新高度。', '', 'GoPro', '', 'active', '00', '16000', '12', '', '0000-00-00 00:00:00', '2020-03-26 11:31:45'),
('I20010232', 'OLYMPUS - Stylus Tough TG-6', 'G000300.jpg', 'c006', 't063', '防水、防塵、防撞、防寒、防霧\nf/2.0大光圈鏡頭\n4K超高清影片\n15m防水/2.1m耐衝擊\n-10度C耐低溫/100kgf 耐壓\nWiFi傳輸/內建GPS', '', 'OLYMPUS', '', 'active', '00', '15000', '14', '', '0000-00-00 00:00:00', '2020-03-26 11:31:45'),
('I20010233', 'SeaLife - SL-500', 'G000400.jpg', 'c006', 't063', '通過1.5米防摔/60米潛水測試\n一鍵錄影/鋼琴鍵控制方便操作\n1300萬像素索尼CMOS圖像\n超大廣角140度真魚眼鏡頭\n1080P HD video高清視頻', '', 'SeaLife', '', 'active', '00', '22000', '12', '', '0000-00-00 00:00:00', '2020-03-26 11:31:45'),
('I20010234', 'SJCAM - SJ5000X Elite 4K 運動攝影機', 'G000600.jpg', 'c006', 't063', '4K 24fps / 2K 30fps /1080p 60fps 攝影\n1200萬畫素\n具備Wi-Fi與手機連線，透過SJCAM app遙控相機、下載照片影片、設定參數\n陀螺儀防手震 （電子式三軸避震）\n兩吋大螢幕\nWIFI手機連線看即時畫面 下載照片影片到手機 遠端遙控拍攝\n新SONY鏡頭 畫面銳利 顏色更漂亮\n慢動作高速攝影\n縮時攝影\n攝影角度變換，不再永遠是超廣角\n高速連拍\n潛水攝影模式（不需外裝紅色校色片）', '', 'SJCAM', '', 'active', '00', '3000', '7', '', '0000-00-00 00:00:00', '2020-03-26 11:31:45'),
('I20010235', 'SONY - FDR-X3000 4K Action Cam', 'G000700.jpg', 'c006', 't063', 'FDR-X3000 Action Cam 讓您可以透過先進的 Balanced Optical SteadyShot™ 光學防手震功能，以穩定的畫面拍攝刺激的 4K POV 影片。\n可靠的防塵/防潑灑機身可單獨使用，裝上隨附潛水殼 8，即可在水下 60 m 深處使用。進階功能提供4K 縮時攝影與更多功能。', '', 'SONY', '', 'active', '00', '13000', '7', '', '0000-00-00 00:00:00', '2020-03-26 11:31:45');

-- --------------------------------------------------------

--
-- 資料表結構 `orders`
--

CREATE TABLE `orders` (
  `Id` int(20) NOT NULL,
  `orderId` varchar(10) COLLATE utf8mb4_unicode_ci NOT NULL COMMENT '訂單ID',
  `orderMemberId` varchar(10) COLLATE utf8mb4_unicode_ci NOT NULL COMMENT '買家ID',
  `orderItemId` varchar(10) COLLATE utf8mb4_unicode_ci NOT NULL COMMENT '商品ID',
  `checkPrice` int(6) NOT NULL DEFAULT 0 COMMENT '結帳時單價',
  `checkQty` tinyint(2) NOT NULL DEFAULT 0 COMMENT '結帳時數量',
  `checkSubtotal` int(6) NOT NULL DEFAULT 0 COMMENT '結帳時小計',
  `created_at` datetime NOT NULL DEFAULT current_timestamp(),
  `updated_at` datetime NOT NULL DEFAULT current_timestamp() ON UPDATE current_timestamp()
) ENGINE=InnoDB DEFAULT CHARSET=utf8mb4 COLLATE=utf8mb4_unicode_ci;

--
-- 傾印資料表的資料 `orders`
--

INSERT INTO `orders` (`Id`, `orderId`, `orderMemberId`, `orderItemId`, `checkPrice`, `checkQty`, `checkSubtotal`, `created_at`, `updated_at`) VALUES
(1, 'O20010001', 'M20010003', 'I20010003', 27600, 1, 27600, '2020-01-20 16:07:51', '2020-01-21 09:30:18'),
(3, 'O20010002', 'M20010006', 'I20010005', 16800, 3, 50400, '2020-01-20 16:37:20', '2020-01-21 09:30:28'),
(4, 'O20010002', 'M20010006', 'I20010053', 16800, 2, 50400, '2020-01-20 16:37:20', '2020-03-18 17:44:29'),
(5, 'O2004013', 'M20010002', 'I20010219', 21000, 1, 123, '2020-03-29 14:31:05', '2020-03-29 14:31:05'),
(6, 'O2004014', 'M20010002', 'I20010219', 21000, 1, 123, '2020-03-29 14:32:44', '2020-03-29 14:32:44'),
(7, 'O2004014', 'M20010002', 'I20010106', 1200, 1, 123, '2020-03-29 14:32:44', '2020-03-29 14:32:44'),
(8, 'O2004014', 'M20010002', 'I20010200', 4200, 1, 123, '2020-03-29 14:32:44', '2020-03-29 14:32:44'),
(9, 'O2004015', 'M20010002', 'I20010219', 21000, 1, 123, '2020-03-29 14:51:31', '2020-03-29 14:51:31'),
(10, 'O2004015', 'M20010002', 'I20010106', 1200, 1, 123, '2020-03-29 14:51:31', '2020-03-29 14:51:31'),
(11, 'O2004015', 'M20010002', 'I20010200', 4200, 1, 123, '2020-03-29 14:51:31', '2020-03-29 14:51:31'),
(12, 'O2004016', 'M20010002', 'I20010230', 12000, 1, 123, '2020-03-29 16:36:37', '2020-03-29 16:36:37'),
(13, 'O2004017', 'M20010002', 'I20010235', 13000, 1, 123, '2020-03-29 16:49:17', '2020-03-29 16:49:17'),
(14, 'O2004018', 'M20010002', 'I20010230', 12000, 1, 123, '2020-03-29 17:30:51', '2020-03-29 17:30:51'),
(15, 'O2004019', 'M20010002', 'I20010230', 12000, 1, 123, '2020-03-29 17:32:57', '2020-03-29 17:32:57'),
(16, 'O20040110', 'M20010002', 'I20010031', 18200, 1, 123, '2020-03-30 10:24:41', '2020-03-30 10:24:41'),
(17, 'O20040110', 'M20010002', 'I20010199', 4200, 1, 123, '2020-03-30 10:24:41', '2020-03-30 10:24:41'),
(18, 'O20040111', 'M20010002', 'I20010030', 19600, 1, 123, '2020-03-30 10:34:23', '2020-03-30 10:34:23'),
(19, 'O20040112', 'M20010002', 'I20010094', 1350, 1, 123, '2020-03-30 10:46:08', '2020-03-30 10:46:08'),
(20, 'O20040113', 'M20010002', 'I20010094', 1350, 1, 123, '2020-03-30 11:01:06', '2020-03-30 11:01:06'),
(21, 'O20040114', 'M20010002', 'I20010235', 13000, 2, 123, '2020-03-30 11:06:48', '2020-03-30 11:06:48'),
(22, 'O20040115', 'M20010002', 'I20010115', 900, 1, 123, '2020-03-30 11:21:17', '2020-03-30 11:21:17'),
(23, 'O20040116', 'M20010002', 'I20010233', 22000, 1, 123, '2020-03-30 11:24:19', '2020-03-30 11:24:19'),
(24, 'O20040117', 'M20010002', 'I20010220', 12000, 1, 123, '2020-03-30 11:27:34', '2020-03-30 11:27:34'),
(25, 'O20040118', 'M20010002', 'I20010029', 17900, 1, 123, '2020-03-30 11:43:38', '2020-03-30 11:43:38'),
(26, 'O20040119', 'M20010002', 'I20010115', 900, 1, 123, '2020-03-30 11:58:41', '2020-03-30 11:58:41'),
(27, 'O20040119', 'M20010002', 'I20010107', 1800, 1, 123, '2020-03-30 11:58:41', '2020-03-30 11:58:41'),
(28, 'O20040120', 'M20010002', 'I20010029', 17900, 1, 123, '2020-03-30 12:11:19', '2020-03-30 12:11:19'),
(29, 'O20040120', 'M20010002', 'I20010188', 4500, 1, 123, '2020-03-30 12:11:19', '2020-03-30 12:11:19'),
(30, 'O20040121', 'M20010002', 'I20010230', 12000, 1, 123, '2020-03-30 12:20:03', '2020-03-30 12:20:03'),
(31, 'O20040121', 'M20010002', 'I20010226', 1500, 1, 123, '2020-03-30 12:20:03', '2020-03-30 12:20:03'),
(32, 'O20040122', 'M20010002', 'I20010226', 1500, 1, 123, '2020-03-30 12:22:43', '2020-03-30 12:22:43'),
(33, 'O20040123', 'M20010002', 'I20010226', 1500, 1, 123, '2020-03-30 12:23:16', '2020-03-30 12:23:16'),
(34, 'O20040124', 'M20010002', 'I20010227', 1500, 1, 123, '2020-03-30 12:24:26', '2020-03-30 12:24:26'),
(35, 'O20040125', 'M20010002', 'I20010228', 1500, 1, 123, '2020-03-30 12:28:27', '2020-03-30 12:28:27'),
(36, 'O20040125', 'M20010002', 'I20010235', 13000, 1, 123, '2020-03-30 12:28:27', '2020-03-30 12:28:27');

-- --------------------------------------------------------

--
-- 資料表結構 `recipient_info`
--

CREATE TABLE `recipient_info` (
  `recipId` int(11) NOT NULL COMMENT 'ID',
  `orderId` varchar(10) NOT NULL COMMENT '訂單編號',
  `recipName` varchar(10) NOT NULL COMMENT '收件姓名',
  `addCode` varchar(10) NOT NULL COMMENT '郵遞區號',
  `addArea` varchar(10) NOT NULL COMMENT '地區',
  `address` varchar(100) NOT NULL COMMENT '地址',
  `phone` varchar(15) NOT NULL COMMENT '電話',
  `note` varchar(100) NOT NULL COMMENT '備註',
  `created_at` datetime NOT NULL DEFAULT current_timestamp() COMMENT '新增時間'
) ENGINE=InnoDB DEFAULT CHARSET=utf8;

--
-- 傾印資料表的資料 `recipient_info`
--

INSERT INTO `recipient_info` (`recipId`, `orderId`, `recipName`, `addCode`, `addArea`, `address`, `phone`, `note`, `created_at`) VALUES
(1, 'O200401', '', '', '臺北市中山區', '', '', '', '2020-03-30 03:00:27'),
(2, 'O200401', '111', '', '臺北市中山區', '222', '234', 'sss', '2020-03-30 03:08:00'),
(3, 'O20040110', '王曉明', '', '', '台北市大安', '0123', '', '2020-03-30 10:25:33'),
(4, 'O20040111', '王安安', '', '新北市板橋區', '123', '0955111222', '', '2020-03-30 10:35:08'),
(5, 'O20040112', '哈囉', '', '臺北市大安區', '123132', '09000', '好喔', '2020-03-30 10:46:48'),
(6, 'O20040113', '123', '', '', '132', '', '', '2020-03-30 11:01:21'),
(7, 'O20040114', '王花花', '', '', '', '', '', '2020-03-30 11:07:04'),
(8, 'O20040115', '王花花', '', '', '', '', '', '2020-03-30 11:21:22'),
(9, 'O20040116', '', '', '', '', '', '', '2020-03-30 11:24:26'),
(10, 'O20040117', '', '', '', '', '', '', '2020-03-30 11:27:36'),
(11, 'O20040118', '', '', '', '', '', '', '2020-03-30 11:43:39'),
(12, 'O20040119', '哈哈', '', '臺北市大同區', '123', '123', '', '2020-03-30 11:59:00'),
(13, 'O20040120', '哈哈', '', '臺北市大同區', '132', '123', '', '2020-03-30 12:11:38'),
(14, 'O20040121', '', '', '嘉義市西區', '', '', '', '2020-03-30 12:20:08'),
(15, 'O20040122', '', '', '', '', '', '', '2020-03-30 12:22:51'),
(16, 'O20040123', '', '', '', '', '', '', '2020-03-30 12:23:18'),
(17, 'O20040124', '', '', '', '', '', '', '2020-03-30 12:24:28'),
(18, 'O20040125', '', '', '', '', '', '', '2020-03-30 12:28:28');

--
-- 已傾印資料表的索引
--

--
-- 資料表索引 `items`
--
ALTER TABLE `items`
  ADD PRIMARY KEY (`itemId`);

--
-- 資料表索引 `orders`
--
ALTER TABLE `orders`
  ADD PRIMARY KEY (`Id`);

--
-- 資料表索引 `recipient_info`
--
ALTER TABLE `recipient_info`
  ADD PRIMARY KEY (`recipId`);

--
-- 在傾印的資料表使用自動遞增(AUTO_INCREMENT)
--

--
-- 使用資料表自動遞增(AUTO_INCREMENT) `orders`
--
ALTER TABLE `orders`
  MODIFY `Id` int(20) NOT NULL AUTO_INCREMENT, AUTO_INCREMENT=37;

--
-- 使用資料表自動遞增(AUTO_INCREMENT) `recipient_info`
--
ALTER TABLE `recipient_info`
  MODIFY `recipId` int(11) NOT NULL AUTO_INCREMENT COMMENT 'ID', AUTO_INCREMENT=19;
COMMIT;

/*!40101 SET CHARACTER_SET_CLIENT=@OLD_CHARACTER_SET_CLIENT */;
/*!40101 SET CHARACTER_SET_RESULTS=@OLD_CHARACTER_SET_RESULTS */;
/*!40101 SET COLLATION_CONNECTION=@OLD_COLLATION_CONNECTION */;
